exp,dte,strike,ask,cost,n@budget,BE,2x,5x,need%,sigma,delta,oi,p_BE,p_BE_d,p_touch
2026-08-07,1,718.0,2.46,246,1626,720.46,722.92,730.3,0.5,0.36,0.404,1248,34.4,35.4,34.4
2026-08-11,5,718.0,4.89,489,817,722.89,727.78,742.45,0.8,0.31,0.449,1018,37.8,44.4,53.2
2026-08-10,4,718.0,3.95,395,1012,721.95,725.9,737.75,0.7,0.3,0.435,510,37.9,43.9,49.3
2026-08-21,15,718.0,10.91,1091,366,728.91,739.82,772.55,1.7,0.37,0.492,1165,31.0,40.8,49.5
2026-08-07,1,719.0,2.05,205,1951,721.05,723.1,729.25,0.6,0.42,0.358,1167,31.0,33.8,31.0
2026-08-21,15,719.0,10.39,1039,384,729.39,739.78,770.95,1.7,0.39,0.478,2626,30.6,40.4,48.3
2026-11-20,106,720.0,36.95,3695,108,756.95,793.9,904.75,5.6,0.46,0.542,4988,33.2,60.7,55.1
2026-12-18,134,720.0,43.03,4303,92,763.03,806.06,935.15,6.4,0.47,0.553,11635,34.3,60.0,55.6
2026-08-10,4,720.0,3.07,307,1302,723.07,726.14,735.35,0.8,0.36,0.37,988,34.3,39.7,44.7
2026-08-07,1,720.0,1.68,168,2380,721.68,723.36,728.4,0.7,0.49,0.313,15364,27.6,30.0,27.6
2027-09-17,407,720.0,91.53,9153,43,811.53,903.06,1177.65,13.2,0.54,0.614,3919,21.6,93.0,30.0
2027-01-15,162,720.0,48.64,4864,82,768.64,817.28,963.2,7.2,0.48,0.56,3402,23.5,59.0,51.0
2027-03-19,225,720.0,61.17,6117,65,781.17,842.34,1025.85,8.9,0.5,0.579,1150,14.6,64.7,37.0
2026-10-16,71,720.0,27.88,2788,143,747.88,775.76,859.4,4.3,0.44,0.524,5526,31.3,58.5,54.5
2026-09-30,55,720.0,23.11,2311,173,743.11,766.22,835.55,3.6,0.43,0.51,1887,31.2,53.8,51.6
2027-12-17,498,720.0,103.74,10374,38,823.74,927.48,1238.7,14.9,0.55,0.628,980,0.0,98.6,4.1
2027-03-31,237,720.0,62.84,6284,63,782.84,845.68,1034.2,9.2,0.5,0.58,503,16.7,72.8,37.6
2027-06-17,315,720.0,76.86,7686,52,796.86,873.72,1104.3,11.1,0.53,0.599,4686,11.8,99.3,48.0
2026-09-18,43,720.0,20.27,2027,197,740.27,760.54,821.35,3.2,0.43,0.507,21616,31.3,44.6,52.4
2026-08-14,8,720.0,6.54,654,611,726.54,733.08,752.7,1.3,0.4,0.435,3130,32.5,37.3,46.0
2026-09-04,29,720.0,16.01,1601,249,736.01,752.02,800.05,2.7,0.43,0.493,720,27.3,40.2,47.8
2026-08-31,25,720.0,13.93,1393,287,733.93,747.86,789.65,2.4,0.41,0.484,1172,28.0,41.4,49.2
2026-08-28,22,720.0,13.31,1331,300,733.31,746.62,786.55,2.3,0.42,0.482,1204,29.7,41.0,48.2
2026-08-21,15,720.0,9.87,987,405,729.87,739.74,769.35,1.8,0.4,0.464,16906,30.2,39.4,47.3
2026-08-13,7,720.0,5.78,578,692,725.78,731.56,748.9,1.2,0.41,0.423,748,32.3,37.5,45.1
2026-12-31,147,720.0,45.71,4571,87,765.71,811.42,948.55,6.8,0.48,0.555,2127,26.6,59.6,51.6
2026-09-18,43,721.0,19.76,1976,202,740.76,760.52,819.8,3.3,0.44,0.499,823,29.8,44.2,50.7
2026-08-07,1,721.0,1.36,136,2941,722.36,723.72,727.8,0.7,0.56,0.27,2636,23.5,26.4,23.5
2026-08-21,15,721.0,9.39,939,425,730.39,739.78,767.95,1.9,0.42,0.45,616,28.4,38.5,45.8
2026-08-10,4,721.0,2.67,267,1498,723.67,726.34,734.35,0.9,0.4,0.339,839,32.9,36.5,41.7
2026-08-14,8,722.0,5.64,564,709,727.64,733.28,750.2,1.5,0.45,0.396,928,29.3,36.3,41.2
2026-08-21,15,722.0,8.9,890,449,730.9,739.8,766.5,1.9,0.43,0.435,1983,28.0,37.3,45.2
2026-08-07,1,722.0,1.08,108,3703,723.08,724.16,727.4,0.8,0.63,0.23,2893,20.5,22.7,20.5
2026-08-10,4,722.0,2.32,232,1724,724.32,726.64,733.6,1.0,0.44,0.308,867,29.9,34.3,38.7
2026-08-14,8,722.5,5.43,543,736,727.93,733.36,749.65,1.5,0.46,0.387,543,28.3,35.9,39.2
2026-08-07,1,723.0,0.86,86,4651,723.86,724.72,727.3,1.0,0.71,0.193,2530,18.1,19.1,18.1
2026-08-14,8,723.0,5.18,518,772,728.18,733.36,748.9,1.6,0.47,0.377,1078,27.3,34.9,38.6
2026-08-10,4,723.0,2.0,200,2000,725.0,727.0,733.0,1.1,0.48,0.278,726,27.9,33.3,36.1
2026-08-31,25,723.0,12.44,1244,321,735.44,747.88,785.2,2.6,0.45,0.453,695,26.7,39.1,46.7
2026-08-21,15,723.0,8.42,842,475,731.42,739.84,765.1,2.0,0.45,0.421,1819,27.0,35.3,44.0
2026-08-14,8,724.0,4.83,483,828,728.83,733.66,748.15,1.6,0.5,0.358,662,26.1,33.3,37.1
2026-08-21,15,724.0,7.97,797,501,731.97,739.94,763.85,2.1,0.46,0.407,984,25.4,34.5,42.6
2026-09-18,43,724.0,18.21,1821,219,742.21,760.42,815.05,3.5,0.46,0.476,512,28.8,43.1,46.1
2026-08-28,22,724.0,11.36,1136,352,735.36,746.72,780.8,2.6,0.47,0.438,508,26.8,37.5,43.4
2026-08-10,4,724.0,1.72,172,2325,725.72,727.44,732.6,1.2,0.52,0.249,503,26.3,29.9,33.7
2026-08-07,1,724.0,0.68,68,5882,724.68,725.36,727.4,1.1,0.79,0.16,4799,16.1,17.1,16.1
2026-08-31,25,725.0,11.49,1149,348,736.49,747.98,782.45,2.7,0.47,0.431,3122,24.7,36.8,42.4
2026-09-04,29,725.0,13.51,1351,296,738.51,752.02,792.55,3.0,0.48,0.446,897,24.4,36.6,42.4
2026-08-10,4,725.0,1.46,146,2739,726.46,727.92,732.3,1.3,0.56,0.222,1725,24.4,27.9,29.5
2026-08-13,7,725.0,3.77,377,1061,728.77,732.54,743.85,1.6,0.54,0.32,658,25.3,30.1,33.1
2027-03-31,237,725.0,60.74,6074,65,785.74,846.48,1028.7,9.6,0.53,0.566,870,15.5,70.4,34.6
2026-09-18,43,725.0,17.73,1773,225,742.73,760.46,813.65,3.6,0.47,0.469,12579,28.8,42.9,44.8
2026-08-28,22,725.0,10.88,1088,367,735.88,746.76,779.4,2.6,0.48,0.426,763,26.8,36.7,41.6
2027-06-17,315,725.0,74.1,7410,53,799.1,873.2,1095.5,11.5,0.54,0.587,2066,11.8,99.3,46.2
2026-08-14,8,725.0,4.45,445,898,729.45,733.9,747.25,1.7,0.52,0.339,4554,24.7,32.5,35.5
2027-03-19,225,725.0,58.42,5842,68,783.42,841.84,1017.1,9.3,0.52,0.565,1866,14.6,63.8,34.7
2026-10-16,71,725.0,25.24,2524,158,750.24,775.48,851.2,4.6,0.47,0.495,3660,28.5,56.3,49.4
2026-08-21,15,725.0,7.56,756,529,732.56,740.12,762.8,2.2,0.48,0.393,9886,25.2,33.1,41.8
2027-01-15,162,725.0,45.87,4587,87,770.87,816.74,954.35,7.5,0.5,0.543,6726,22.4,58.0,47.7
2026-11-20,106,725.0,34.24,3424,116,759.24,793.48,896.2,5.9,0.49,0.519,3140,32.5,58.9,53.0
2026-08-11,5,725.0,2.21,221,1809,727.21,729.42,736.05,1.4,0.53,0.264,751,24.2,30.6,32.8
2027-09-17,407,725.0,88.77,8877,45,813.77,902.54,1168.85,13.5,0.55,0.605,584,21.6,92.0,29.6
2026-12-18,134,725.0,40.28,4028,99,765.28,805.56,926.4,6.7,0.5,0.533,4478,33.6,58.8,52.0
2026-08-17,11,725.0,5.29,529,756,730.29,735.58,751.45,1.9,0.48,0.356,691,28.8,34.1,40.9
2027-12-17,498,725.0,101.0,10100,39,826.0,927.0,1230.0,15.2,0.56,0.619,959,0.0,98.0,4.1
2026-12-31,147,725.0,42.78,4278,93,767.78,810.56,938.9,7.1,0.5,0.536,628,25.3,59.4,49.4
2026-08-07,1,725.0,0.52,52,7692,725.52,726.04,727.6,1.2,0.88,0.131,15457,12.7,14.9,12.7
2026-09-30,55,725.0,20.54,2054,194,745.54,766.08,827.7,4.0,0.47,0.476,1888,28.2,51.2,46.5
2026-08-07,1,726.0,0.4,40,10000,726.4,726.8,728.0,1.3,0.97,0.106,1799,11.1,11.7,11.1
2026-08-21,15,726.0,7.15,715,559,733.15,740.3,761.75,2.3,0.5,0.379,1041,24.7,32.5,40.6
2026-08-10,4,726.0,1.24,124,3225,727.24,728.48,732.2,1.4,0.61,0.196,1191,22.8,25.9,26.9
2026-08-14,8,726.0,4.1,410,975,730.1,734.2,746.5,1.8,0.55,0.321,557,24.1,31.5,33.5
2026-08-14,8,727.0,3.76,376,1063,730.76,734.52,745.8,1.9,0.58,0.302,602,23.9,28.5,32.3
2026-08-10,4,727.0,1.04,104,3846,728.04,729.08,732.2,1.5,0.66,0.172,751,20.6,23.8,24.6
2026-08-07,1,727.0,0.31,31,12903,727.31,727.62,728.55,1.4,1.07,0.086,2424,8.7,9.7,8.7
2026-08-21,15,727.0,6.75,675,592,733.75,740.5,760.75,2.3,0.52,0.365,2022,24.5,31.6,37.9
2026-08-14,8,727.5,3.6,360,1111,731.1,734.7,745.5,2.0,0.59,0.293,584,22.5,27.3,30.9
2026-08-07,1,728.0,0.24,24,16666,728.24,728.48,729.2,1.6,1.16,0.069,1819,7.2,8.3,7.2
2026-08-10,4,728.0,0.87,87,4597,728.87,729.74,732.35,1.7,0.71,0.149,1740,17.4,22.2,21.4
2026-08-21,15,728.0,6.37,637,627,734.37,740.74,759.85,2.4,0.54,0.351,739,23.3,30.8,36.3
2026-08-14,8,728.0,3.44,344,1162,731.44,734.88,745.2,2.0,0.61,0.284,2633,21.7,26.7,29.7
2026-08-07,1,729.0,0.19,19,21052,729.19,729.38,729.95,1.7,1.26,0.056,1054,6.2,7.2,6.2
2026-09-18,43,729.0,15.82,1582,252,744.82,760.64,808.1,3.9,0.51,0.437,502,25.6,41.6,40.0
2026-08-21,15,729.0,6.0,600,666,735.0,741.0,759.0,2.5,0.56,0.338,821,22.5,30.4,35.1
2026-12-31,147,730.0,40.17,4017,99,770.17,810.34,930.85,7.4,0.52,0.517,1314,23.3,58.6,46.6
2027-12-17,498,730.0,98.3,9830,40,828.3,926.6,1221.5,15.5,0.57,0.61,1782,0.0,98.0,2.0
2026-12-18,134,730.0,37.66,3766,106,767.66,805.32,918.3,7.1,0.52,0.513,12262,32.6,57.8,49.0
2026-11-20,106,730.0,31.62,3162,126,761.62,793.24,888.1,6.2,0.52,0.496,2677,31.3,57.0,49.1
2028-01-21,533,730.0,102.5,10250,39,832.5,935.0,1242.5,16.1,0.57,0.614,8172,0.0,99.2,1.6
2027-01-15,162,730.0,43.22,4322,92,773.22,816.44,946.1,7.8,0.52,0.525,5178,21.4,57.0,44.8
2027-03-19,225,730.0,55.74,5574,71,785.74,841.48,1008.7,9.6,0.54,0.55,11691,13.4,62.7,33.2
2026-09-18,43,730.0,15.37,1537,260,745.37,760.74,806.85,4.0,0.52,0.429,14498,24.9,41.2,38.9
2026-08-28,22,730.0,8.76,876,456,738.76,747.52,773.8,3.0,0.56,0.371,3591,21.5,32.8,34.2
2028-12-15,862,730.0,140.5,14050,28,870.5,1011.0,1432.5,21.4,0.58,0.657,1996,,,
2027-03-31,237,730.0,57.39,5739,69,787.39,844.78,1016.95,9.8,0.54,0.552,886,14.9,68.7,33.7
2027-06-17,315,730.0,71.38,7138,56,801.38,872.76,1086.9,11.8,0.55,0.576,3099,10.8,98.9,44.4
2026-08-31,25,730.0,9.34,934,428,739.34,748.68,776.7,3.1,0.54,0.378,8923,21.6,31.9,36.2
2026-09-04,29,730.0,11.27,1127,354,741.27,752.54,786.35,3.4,0.54,0.398,677,21.5,33.1,37.5
2026-08-21,15,730.0,5.63,563,710,735.63,741.26,758.15,2.6,0.58,0.324,40872,22.3,28.6,34.1
2026-10-16,71,730.0,22.74,2274,175,752.74,775.48,843.7,5.0,0.51,0.465,7905,27.2,54.3,46.6
2026-09-30,55,730.0,18.11,1811,220,748.11,766.22,820.55,4.3,0.51,0.442,1453,26.7,47.3,43.0
2026-08-14,8,730.0,2.83,283,1413,732.83,735.66,744.15,2.2,0.67,0.25,9358,18.9,24.3,27.1
2026-08-11,5,730.0,1.1,110,3636,731.1,732.2,735.5,2.0,0.73,0.157,3681,17.8,20.8,22.6
2026-08-17,11,730.0,3.6,360,1111,733.6,737.2,748.0,2.3,0.6,0.274,513,21.6,29.4,31.2
2026-08-12,6,730.0,1.74,174,2298,731.74,733.48,738.7,2.1,0.76,0.198,1528,16.2,20.6,20.4
2026-08-13,7,730.0,2.31,231,1731,732.31,734.62,741.55,2.1,0.71,0.226,518,18.8,22.8,23.8
2026-08-10,4,730.0,0.59,59,6779,730.59,731.18,732.95,1.9,0.81,0.11,5324,14.4,17.0,17.8
2026-08-07,1,730.0,0.15,15,26666,730.15,730.3,730.75,1.8,1.36,0.045,10997,5.6,5.8,5.6
2026-08-14,8,731.0,2.61,261,1532,733.61,736.22,744.05,2.3,0.7,0.233,680,17.9,23.9,25.1
2026-08-10,4,731.0,0.49,49,8163,731.49,731.98,733.45,2.0,0.86,0.093,654,13.2,15.4,15.8
2026-08-07,1,731.0,0.12,12,33333,731.12,731.24,731.6,2.0,1.46,0.036,937,4.8,5.4,4.8
2026-08-21,15,731.0,5.31,531,753,736.31,741.62,757.55,2.7,0.6,0.31,782,21.7,27.8,32.5
2026-08-21,15,732.0,4.98,498,803,736.98,741.96,756.9,2.8,0.62,0.297,1128,21.3,26.2,30.8
2026-08-07,1,732.0,0.1,10,40000,732.1,732.2,732.5,2.1,1.56,0.03,4374,4.4,4.6,4.4
2026-08-10,4,732.0,0.4,40,10000,732.4,732.8,734.0,2.1,0.92,0.078,861,12.0,14.0,14.4
2026-08-14,8,732.0,2.37,237,1687,734.37,736.74,743.85,2.4,0.73,0.217,3271,17.3,21.7,23.7
2026-08-07,1,733.0,0.08,8,50000,733.08,733.16,733.4,2.2,1.65,0.024,1466,3.6,4.0,3.6
2026-09-18,43,733.0,14.06,1406,284,747.06,761.12,803.3,4.2,0.55,0.406,709,22.2,40.0,35.7
2026-08-21,15,733.0,4.67,467,856,737.67,742.34,756.35,2.9,0.64,0.284,3500,20.7,25.4,30.6
2026-08-21,15,734.0,4.38,438,913,738.38,742.76,755.9,3.0,0.66,0.272,1494,20.5,24.7,29.2
2026-08-14,8,734.0,1.94,194,2061,735.94,737.88,743.7,2.6,0.79,0.187,516,15.9,18.7,20.9
2026-08-07,1,734.0,0.07,7,57142,734.07,734.14,734.35,2.4,1.76,0.02,1294,2.4,3.4,2.4
2026-11-20,106,735.0,29.2,2920,136,764.2,793.4,881.0,6.6,0.55,0.473,1266,29.9,54.7,46.0
2026-09-30,55,735.0,15.95,1595,250,750.95,766.9,814.75,4.7,0.55,0.408,704,24.7,44.7,37.0
2026-09-04,29,735.0,9.3,930,430,744.3,753.6,781.5,3.8,0.61,0.351,27031,18.8,29.6,28.8
2027-01-15,162,735.0,40.69,4069,98,775.69,816.38,938.45,8.2,0.55,0.507,2244,19.1,54.9,40.7
2027-03-31,237,735.0,54.78,5478,73,789.78,844.56,1008.9,10.2,0.55,0.538,770,14.3,65.7,32.8
2026-08-07,1,735.0,0.05,5,80000,735.05,735.1,735.25,2.5,1.86,0.017,17391,2.0,2.2,2.0
2027-06-30,328,735.0,71.43,7143,55,806.43,877.86,1092.15,12.5,0.57,0.565,791,8.9,98.5,41.5
2026-10-16,71,735.0,20.42,2042,195,755.42,775.84,837.1,5.4,0.55,0.436,1204,24.5,52.3,42.8
2026-08-28,22,735.0,6.94,694,576,741.94,748.88,769.7,3.5,0.64,0.318,12548,18.9,28.7,28.7
2026-08-12,6,735.0,0.91,91,4395,735.91,736.82,739.55,2.6,0.97,0.119,3166,11.8,14.0,13.6
2026-08-31,25,735.0,7.47,747,535,742.47,749.94,772.35,3.6,0.61,0.326,3381,18.3,28.6,30.0
2026-08-10,4,735.0,0.22,22,18181,735.22,735.44,736.1,2.5,1.08,0.046,1550,8.8,10.2,10.4
2026-08-14,8,735.0,1.75,175,2285,736.75,738.5,743.75,2.8,0.83,0.173,13518,15.3,17.7,19.3
2027-03-19,225,735.0,53.16,5316,75,788.16,841.32,1000.8,9.9,0.56,0.536,3858,13.4,61.5,32.9
2026-08-17,11,735.0,2.34,234,1709,737.34,739.68,746.7,2.8,0.74,0.2,612,16.3,21.6,23.2
2026-09-18,43,735.0,13.24,1324,302,748.24,761.48,801.2,4.4,0.57,0.391,11375,20.9,38.7,33.4
2026-12-18,134,735.0,35.13,3513,113,770.13,805.26,910.65,7.4,0.54,0.493,9201,29.9,57.1,45.6
2027-12-17,498,735.0,95.64,9564,41,830.64,926.28,1213.2,15.8,0.58,0.601,936,0.0,97.3,2.0
2026-08-21,15,735.0,4.09,409,977,739.09,743.18,755.45,3.1,0.68,0.259,13993,19.7,24.5,28.0
2026-12-31,147,735.0,37.59,3759,106,772.59,810.18,922.95,7.8,0.54,0.498,7770,22.3,57.9,44.1
2027-06-17,315,735.0,68.73,6873,58,803.73,872.46,1078.65,12.1,0.57,0.564,1800,10.0,98.6,41.9
2026-08-07,1,736.0,0.05,5,80000,736.05,736.1,736.25,2.7,1.96,0.014,1491,1.6,1.8,1.6
2026-09-18,43,736.0,12.84,1284,311,748.84,761.68,800.2,4.4,0.58,0.383,946,20.7,38.3,32.6
2026-08-21,15,736.0,3.83,383,1044,739.83,743.66,755.15,3.2,0.71,0.247,684,19.3,23.3,26.8
2026-08-21,15,737.0,3.58,358,1117,740.58,744.16,754.9,3.3,0.73,0.235,1297,18.7,22.5,25.8
2026-08-07,1,737.0,0.05,5,80000,737.05,737.1,737.25,2.8,2.06,0.012,2563,1.2,1.6,1.2
2026-08-14,8,737.0,1.42,142,2816,738.42,739.84,744.1,3.0,0.9,0.147,511,13.5,16.3,16.7
2026-08-07,1,738.0,0.04,4,100000,738.04,738.08,738.2,2.9,2.16,0.01,971,1.0,1.2,1.0
2026-08-14,8,738.0,1.27,127,3149,739.27,740.54,744.35,3.1,0.93,0.134,500,12.7,15.7,15.3
2026-08-21,15,738.0,3.33,333,1201,741.33,744.66,754.65,3.4,0.75,0.223,3510,17.8,22.1,24.5
2026-08-07,1,739.0,0.04,4,100000,739.04,739.08,739.2,3.1,2.26,0.009,845,0.8,0.8,0.8
2026-08-21,15,739.0,3.11,311,1286,742.11,745.22,754.55,3.5,0.77,0.211,800,16.8,21.3,22.7
2026-08-14,8,740.0,1.0,100,4000,741.0,742.0,745.0,3.3,1.0,0.112,8902,11.8,14.1,13.9
2027-03-19,225,740.0,50.62,5062,79,790.62,841.24,993.1,10.3,0.57,0.521,1802,13.4,59.5,31.5
2026-08-31,25,740.0,5.9,590,677,745.9,751.8,769.5,4.0,0.69,0.277,3349,15.6,24.1,24.7
2026-08-11,5,740.0,0.2,20,20000,740.2,740.4,741.0,3.2,1.19,0.035,1324,9.0,10.6,9.6
2026-09-18,43,740.0,11.31,1131,353,751.31,762.62,796.55,4.8,0.63,0.352,24029,18.8,35.9,27.3
2026-08-21,15,740.0,2.89,289,1384,742.89,745.78,754.45,3.6,0.8,0.201,27069,16.0,20.7,21.7
2026-08-28,22,740.0,5.41,541,739,745.41,750.82,767.05,4.0,0.72,0.267,1646,15.6,23.2,23.6
2026-08-12,6,740.0,0.43,43,9302,740.43,740.86,742.15,3.3,1.2,0.064,1903,8.8,10.0,9.4
2026-08-10,4,740.0,0.08,8,50000,740.08,740.16,740.4,3.2,1.36,0.019,6344,6.4,6.4,6.8
2026-12-31,147,740.0,35.13,3513,113,775.13,810.26,915.65,8.1,0.57,0.479,3781,20.8,57.1,41.4
2027-06-17,315,740.0,66.16,6616,60,806.16,872.32,1070.8,12.4,0.58,0.552,8443,9.0,98.6,39.4
2027-12-17,498,740.0,93.04,9304,42,833.04,926.08,1205.2,16.2,0.59,0.592,1361,0.0,97.3,1.4
2027-03-31,237,740.0,52.9,5290,75,792.9,845.8,1004.5,10.6,0.58,0.524,2010,13.4,63.3,29.9
2027-01-15,162,740.0,38.17,3817,104,778.17,816.34,930.85,8.5,0.57,0.488,6368,18.3,53.1,37.9
2026-08-13,7,740.0,0.71,71,5633,740.71,741.42,743.55,3.3,1.09,0.089,1036,10.2,12.6,11.4
2026-12-18,134,740.0,32.72,3272,122,772.72,805.44,903.6,7.8,0.57,0.473,12620,27.5,54.7,42.6
2028-06-16,680,740.0,114.5,11450,34,854.5,969.0,1312.5,19.2,0.59,0.621,524,,,
2026-11-20,106,740.0,26.84,2684,149,766.84,793.68,874.2,7.0,0.58,0.45,1997,28.5,53.3,42.5
2027-06-30,328,740.0,68.86,6886,58,808.86,877.72,1084.3,12.8,0.59,0.554,811,8.1,98.5,38.9
2026-09-04,29,740.0,7.6,760,526,747.6,755.2,778.0,4.3,0.68,0.306,974,16.4,25.9,25.3
2026-08-17,11,740.0,1.46,146,2739,741.46,742.92,747.3,3.4,0.88,0.139,944,13.7,16.3,17.3
2026-10-16,71,740.0,18.26,1826,219,758.26,776.52,831.3,5.8,0.58,0.406,7215,23.2,50.8,37.7
2026-08-07,1,740.0,0.03,3,133333,740.03,740.06,740.15,3.2,2.36,0.008,8567,0.4,0.8,0.4
2026-09-30,55,740.0,13.91,1391,287,753.91,767.82,809.55,5.1,0.6,0.374,805,22.4,41.1,32.3
2026-08-21,15,741.0,2.69,269,1486,743.69,746.38,754.45,3.7,0.82,0.19,1110,14.4,20.5,20.3
2026-09-18,43,741.0,10.97,1097,364,751.97,762.94,795.85,4.9,0.64,0.345,1274,18.6,35.5,27.1
2026-08-14,8,741.0,0.9,90,4444,741.9,742.8,745.5,3.5,1.04,0.102,594,11.0,12.9,12.2
2026-08-07,1,741.0,0.03,3,133333,741.03,741.06,741.15,3.4,2.46,0.007,1286,0.4,0.4,0.4
2026-08-28,22,742.0,4.88,488,819,746.88,751.76,766.4,4.2,0.76,0.248,982,15.0,21.3,22.1
2026-08-31,25,742.0,5.36,536,746,747.36,752.72,768.8,4.2,0.73,0.258,1905,15.0,22.6,23.0
2026-08-21,15,742.0,2.5,250,1600,744.5,747.0,754.5,3.8,0.85,0.179,1671,14.0,19.7,19.1
2026-08-07,1,742.0,0.03,3,133333,742.03,742.06,742.15,3.5,2.56,0.006,679,0.4,0.4,0.4
2026-08-21,15,743.0,2.32,232,1724,745.32,747.64,754.6,3.9,0.87,0.169,731,13.4,19.3,18.1
2026-08-07,1,743.0,0.03,3,133333,743.03,743.06,743.15,3.6,2.66,0.005,921,0.4,0.4,0.4
2026-08-21,15,744.0,2.15,215,1860,746.15,748.3,754.75,4.1,0.9,0.159,5185,13.0,18.7,17.0
2026-09-04,29,745.0,6.13,613,652,751.13,757.26,775.65,4.8,0.76,0.263,529,14.1,21.9,20.3
2026-08-18,12,745.0,1.1,110,3636,746.1,747.2,750.5,4.1,0.99,0.106,1310,11.3,13.3,13.9
2026-08-14,8,745.0,0.56,56,7142,745.56,746.12,747.8,4.0,1.19,0.068,2093,9.4,10.6,10.4
2026-10-16,71,745.0,16.27,1627,245,761.27,777.54,826.35,6.2,0.63,0.377,2895,20.8,47.7,33.1
2026-12-18,134,745.0,30.46,3046,131,775.46,805.92,897.3,8.2,0.6,0.452,7954,23.8,52.7,39.2
2027-01-15,162,745.0,35.87,3587,111,780.87,816.74,924.35,8.9,0.59,0.47,1414,17.3,50.8,36.3
2027-06-17,315,745.0,63.65,6365,62,808.65,872.3,1063.25,12.8,0.6,0.54,3624,9.0,98.2,35.5
2027-03-31,237,745.0,50.44,5044,79,795.44,845.88,997.2,10.9,0.6,0.509,1940,13.1,60.9,28.4
2026-08-11,5,745.0,0.08,8,50000,745.08,745.16,745.4,3.9,1.43,0.016,1457,6.4,7.2,6.6
2026-08-17,11,745.0,0.86,86,4651,745.86,746.72,749.3,4.0,1.04,0.091,929,10.5,13.5,13.1
2026-08-10,4,745.0,0.04,4,100000,745.04,745.08,745.2,3.9,1.65,0.01,5331,3.2,3.6,3.4
2027-12-17,498,745.0,90.48,9048,44,835.48,925.96,1197.4,16.5,0.6,0.583,825,0.0,96.6,1.4
2026-08-12,6,745.0,0.2,20,20000,745.2,745.4,746.0,3.9,1.44,0.032,1935,6.4,7.0,6.4
2026-09-18,43,745.0,9.61,961,416,754.61,764.22,793.05,5.2,0.69,0.315,11575,16.7,32.8,23.5
2027-09-17,407,745.0,78.28,7828,51,823.28,901.56,1136.4,14.8,0.6,0.564,1581,21.1,89.7,27.7
2026-12-31,147,745.0,32.81,3281,121,777.81,810.62,909.05,8.5,0.59,0.459,4344,19.5,54.6,38.3
2026-09-30,55,745.0,12.11,1211,330,757.11,769.22,805.55,5.6,0.65,0.34,614,18.7,37.0,27.5
2026-08-31,25,745.0,4.6,460,869,749.6,754.2,768.0,4.5,0.78,0.231,2579,14.0,20.4,20.6
2026-08-21,15,745.0,1.99,199,2010,746.99,748.98,754.95,4.2,0.92,0.15,11624,12.2,17.6,16.4
2026-08-28,22,745.0,4.15,415,963,749.15,753.3,765.75,4.5,0.82,0.22,844,13.7,19.3,20.5
2027-03-19,225,745.0,48.18,4818,83,793.18,841.36,985.9,10.6,0.59,0.506,1878,13.4,58.0,29.2
2026-08-31,25,747.0,4.16,416,961,751.16,755.32,767.8,4.8,0.82,0.214,1699,13.4,18.3,19.1
2026-08-21,15,747.0,1.7,170,2352,748.7,750.4,755.5,4.4,0.97,0.133,849,11.2,15.8,15.2
2026-08-14,8,747.0,0.44,44,9090,747.44,747.88,749.2,4.2,1.27,0.055,2197,8.4,9.6,9.0
2026-08-21,15,748.0,1.57,157,2547,749.57,751.14,755.85,4.5,1.0,0.124,1265,10.8,14.2,14.8
2026-08-28,22,748.0,3.52,352,1136,751.52,755.04,765.6,4.8,0.88,0.194,972,12.5,16.8,17.4
2026-08-21,15,749.0,1.45,145,2758,750.45,751.9,756.25,4.7,1.03,0.117,716,10.1,13.6,13.8
2026-08-12,6,750.0,0.09,9,44444,750.09,750.18,750.45,4.6,1.68,0.016,572,4.0,4.8,4.0
2026-09-30,55,750.0,10.47,1047,382,760.47,770.94,802.35,6.1,0.7,0.308,4588,17.2,33.5,23.7
2026-08-11,5,750.0,0.04,4,100000,750.04,750.08,750.2,4.6,1.68,0.008,2632,4.0,5.0,4.0
2026-09-18,43,750.0,8.1,810,493,758.1,766.2,790.5,5.7,0.75,0.28,33067,14.8,28.8,19.9
2026-10-16,71,750.0,14.45,1445,276,764.45,778.9,822.25,6.6,0.67,0.348,15403,19.9,43.3,29.1
2026-11-20,106,750.0,22.58,2258,177,772.58,795.16,862.9,7.8,0.64,0.404,1202,25.0,48.1,33.9
2026-09-04,29,750.0,4.89,489,817,754.89,759.78,774.45,5.3,0.84,0.223,1856,13.3,18.8,17.2
2028-01-21,533,750.0,92.0,9200,43,842.0,934.0,1210.0,17.4,0.61,0.579,1908,0.0,99.2,0.0
2026-08-17,11,750.0,0.51,51,7843,750.51,751.02,752.55,4.7,1.21,0.058,2251,8.3,10.1,10.9
2027-12-17,498,750.0,87.96,8796,45,837.96,925.92,1189.8,16.9,0.62,0.574,2517,0.0,96.6,1.4
2027-06-17,315,750.0,61.19,6119,65,811.19,872.38,1055.95,13.1,0.61,0.528,8492,7.2,98.2,32.6
2026-08-21,15,750.0,1.32,132,3030,751.32,752.64,756.6,4.8,1.05,0.109,34406,10.1,13.2,13.4
2027-03-31,237,750.0,48.01,4801,83,798.01,846.02,990.05,11.3,0.61,0.495,838,12.8,59.4,26.3
2027-03-19,225,750.0,45.8,4580,87,795.8,841.6,979.0,11.0,0.61,0.491,3407,13.4,54.8,27.4
2027-02-19,197,750.0,40.26,4026,99,790.26,830.52,951.3,10.2,0.61,0.475,1012,12.7,47.7,31.1
2027-01-15,162,750.0,33.55,3355,119,783.55,817.1,917.75,9.3,0.61,0.452,6768,16.8,49.5,33.5
2026-08-28,22,750.0,3.14,314,1273,753.14,756.28,765.7,5.0,0.92,0.178,1903,11.9,15.6,16.4
2026-12-31,147,750.0,30.52,3052,131,780.52,811.04,902.6,8.9,0.62,0.44,1071,18.5,51.6,36.1
2028-06-16,680,750.0,109.5,10950,36,859.5,969.0,1297.5,19.9,0.61,0.606,810,,,
2026-08-31,25,750.0,3.54,354,1129,753.54,757.08,767.7,5.1,0.87,0.19,3098,12.8,16.7,17.1
2027-09-17,407,750.0,75.79,7579,52,825.79,901.58,1128.95,15.2,0.62,0.554,554,21.1,87.8,27.7
2026-08-14,8,750.0,0.31,31,12903,750.31,750.62,751.55,4.6,1.38,0.041,2927,7.6,8.8,8.0
2026-08-10,4,750.0,0.03,3,133333,750.03,750.06,750.15,4.6,1.94,0.006,2235,2.2,2.2,2.2
2026-12-18,134,750.0,28.26,2826,141,778.26,806.52,891.3,8.5,0.62,0.432,11944,22.1,51.2,34.8
2026-08-31,25,754.0,2.85,285,1403,756.85,759.7,768.25,5.6,0.95,0.16,1074,11.7,14.8,15.0
2027-03-31,237,755.0,45.71,4571,87,800.71,846.42,983.55,11.7,0.63,0.48,1488,12.5,57.3,24.8
2027-03-19,225,755.0,43.53,4353,91,798.53,842.06,972.65,11.4,0.63,0.476,2689,13.4,51.6,25.7
2026-08-11,5,755.0,0.03,3,133333,755.03,755.06,755.15,5.3,1.93,0.006,1040,1.6,2.2,2.0
2026-08-21,15,755.0,0.88,88,4545,755.88,756.76,759.4,5.4,1.19,0.077,7226,8.7,10.1,11.0
2027-06-17,315,755.0,58.81,5881,68,813.81,872.62,1049.05,13.5,0.63,0.516,4774,6.1,97.8,28.0
2026-08-10,4,755.0,0.03,3,133333,755.03,755.06,755.15,5.3,2.23,0.004,635,1.2,1.6,1.4
2026-09-04,29,755.0,3.87,387,1033,758.87,762.74,774.35,5.8,0.92,0.186,634,12.8,15.5,15.5
2026-10-16,71,755.0,12.78,1278,312,767.78,780.56,818.9,7.1,0.71,0.32,1664,18.5,39.1,25.8
2026-08-14,8,755.0,0.18,18,22222,755.18,755.36,755.9,5.3,1.58,0.025,971,4.8,6.0,5.4
2027-01-15,162,755.0,31.44,3144,127,786.44,817.88,912.2,9.7,0.64,0.433,1796,15.7,48.5,32.7
2026-09-30,55,755.0,9.01,901,443,764.01,773.02,800.05,6.6,0.76,0.277,528,14.6,29.2,20.4
2027-12-17,498,755.0,85.5,8550,46,840.5,926.0,1182.5,17.2,0.63,0.565,1630,0.0,95.9,0.7
2026-08-13,7,755.0,0.11,11,36363,755.11,755.22,755.55,5.3,1.73,0.016,1513,3.4,4.0,3.6
2026-08-28,22,755.0,2.35,235,1702,757.35,759.7,766.75,5.6,1.02,0.142,1183,10.9,13.7,13.7
2026-09-18,43,755.0,6.8,680,588,761.8,768.6,789.0,6.2,0.81,0.246,12659,14.6,23.3,18.0
2026-12-31,147,755.0,28.53,2853,140,783.53,812.06,897.65,9.3,0.65,0.42,1138,16.3,49.4,32.6
2026-12-18,134,755.0,26.2,2620,152,781.2,807.4,886.0,9.0,0.65,0.412,4009,20.3,48.8,32.1
2026-08-12,6,755.0,0.05,5,80000,755.05,755.1,755.25,5.3,1.93,0.009,593,1.6,2.2,2.0
2026-08-31,25,755.0,2.7,270,1481,757.7,760.4,768.5,5.7,0.97,0.153,733,11.5,14.8,14.2
2026-08-10,4,760.0,0.03,3,133333,760.03,760.06,760.15,6.0,2.51,0.003,1033,0.8,1.2,1.0
2027-03-31,237,760.0,42.93,4293,93,802.93,845.86,974.65,12.0,0.65,0.466,588,11.9,56.4,23.6
2027-12-17,498,760.0,83.07,8307,48,843.07,926.14,1175.35,17.6,0.64,0.556,823,0.0,95.3,0.0
2026-12-18,134,760.0,24.23,2423,165,784.23,808.46,881.15,9.4,0.68,0.392,15736,19.4,47.1,29.2
2027-02-19,197,760.0,35.88,3588,111,795.88,831.76,939.4,11.0,0.66,0.443,1657,11.6,45.2,27.3
2028-01-21,533,760.0,87.0,8700,45,847.0,934.0,1195.0,18.1,0.64,0.561,848,0.0,99.2,0.0
2027-03-19,225,760.0,41.33,4133,96,801.33,842.66,966.65,11.8,0.65,0.462,4441,13.4,50.4,23.9
2026-08-11,5,760.0,0.03,3,133333,760.03,760.06,760.15,6.0,2.17,0.004,636,0.8,1.4,1.2
2026-11-20,106,760.0,18.81,1881,212,778.81,797.62,854.05,8.6,0.71,0.358,1200,21.5,45.3,27.1
2027-09-17,407,760.0,70.96,7096,56,830.96,901.92,1114.8,15.9,0.65,0.533,619,21.1,85.0,25.8
2027-01-15,162,760.0,29.39,2939,136,789.39,818.78,906.95,10.1,0.67,0.415,4528,14.4,46.1,32.0
2026-10-16,71,760.0,11.26,1126,355,771.26,782.52,816.3,7.6,0.76,0.293,4170,16.1,34.7,22.7
2026-12-31,147,760.0,26.45,2645,151,786.45,812.9,892.25,9.7,0.67,0.401,814,14.8,47.4,30.3
2026-09-30,55,760.0,7.73,773,517,767.73,775.46,798.65,7.1,0.82,0.247,850,14.0,26.7,18.5
2028-06-16,680,760.0,104.5,10450,38,864.5,969.0,1282.5,20.6,0.63,0.591,560,,,
2027-06-17,315,760.0,56.49,5649,70,816.49,872.98,1042.45,13.9,0.65,0.503,4817,5.0,96.8,24.0
2026-08-31,25,760.0,2.04,204,1960,762.04,764.08,770.2,6.3,1.07,0.122,7053,9.7,13.0,12.8
2026-08-28,22,760.0,1.74,174,2298,761.74,763.48,768.7,6.2,1.13,0.112,18798,9.8,11.9,12.7
2026-08-14,8,760.0,0.12,12,33333,760.12,760.24,760.6,6.0,1.78,0.016,2760,3.0,4.0,3.0
2026-09-18,43,760.0,5.65,565,707,765.65,771.3,788.25,6.8,0.88,0.215,12937,13.1,19.7,16.5
2026-08-21,15,760.0,0.58,58,6896,760.58,761.16,762.9,6.1,1.33,0.054,19094,6.7,8.9,9.5
2026-09-11,36,760.0,4.16,416,961,764.16,768.32,780.8,6.6,0.93,0.183,519,12.1,16.9,15.3
2027-03-19,225,765.0,39.2,3920,102,804.2,843.4,961.0,12.2,0.67,0.447,2903,12.8,49.0,21.9
2026-12-31,147,765.0,24.65,2465,162,789.65,814.3,888.25,10.1,0.7,0.382,2120,14.0,45.9,29.3
2026-08-28,22,765.0,1.28,128,3125,766.28,767.56,771.4,6.9,1.24,0.087,908,8.0,10.7,10.0
2027-01-15,162,765.0,27.38,2738,146,792.38,819.76,901.9,10.5,0.69,0.397,4191,13.4,45.1,31.2
2026-12-18,134,765.0,22.4,2240,178,787.4,809.8,877.0,9.8,0.71,0.372,4157,17.2,45.3,27.2
2026-10-16,71,765.0,9.9,990,404,774.9,784.8,814.5,8.1,0.81,0.267,4765,15.0,29.4,20.3
2027-06-17,315,765.0,54.24,5424,73,819.24,873.48,1036.2,14.3,0.66,0.491,6512,4.3,95.7,21.1
2027-09-17,407,765.0,68.63,6863,58,833.63,902.26,1108.15,16.3,0.66,0.522,2631,20.7,84.0,25.8
2028-06-16,680,765.0,102.0,10200,39,867.0,969.0,1275.0,20.9,0.64,0.583,981,,,
2026-09-18,43,765.0,4.68,468,854,769.68,774.36,788.4,7.3,0.95,0.186,8278,11.4,16.9,15.0
2026-08-21,15,765.0,0.39,39,10256,765.39,765.78,766.95,6.7,1.47,0.038,5587,5.1,7.1,6.5
2026-08-14,8,765.0,0.09,9,44444,765.09,765.18,765.45,6.7,1.98,0.011,2781,1.4,1.6,1.8
2027-06-17,315,770.0,52.05,5205,76,822.05,874.1,1030.25,14.7,0.68,0.479,6567,3.6,94.6,20.1
2026-08-31,25,770.0,1.13,113,3539,771.13,772.26,775.65,7.5,1.28,0.075,14649,7.4,9.7,9.7
2027-09-17,407,770.0,66.35,6635,60,836.35,902.7,1101.75,16.6,0.67,0.512,1497,20.7,83.6,25.8
2026-09-18,43,770.0,3.86,386,1036,773.86,777.72,789.3,7.9,1.02,0.16,7653,10.6,15.0,14.0
2026-12-31,147,770.0,22.77,2277,175,792.77,815.54,883.85,10.6,0.73,0.363,774,12.3,44.1,28.6
2026-12-18,134,770.0,20.64,2064,193,790.64,811.28,873.2,10.3,0.74,0.352,8807,14.2,42.6,25.7
2026-08-28,22,770.0,0.95,95,4210,770.95,771.9,774.75,7.5,1.35,0.067,1006,6.6,9.8,8.6
2026-08-14,8,770.0,0.07,7,57142,770.07,770.14,770.35,7.4,2.18,0.008,669,1.0,1.4,1.4
2026-11-20,106,770.0,15.54,1554,257,785.54,801.08,847.7,9.6,0.78,0.314,1398,18.9,40.9,21.5
2028-12-15,862,770.0,120.5,12050,33,890.5,1011.0,1372.5,24.2,0.65,0.606,589,,,
2027-01-15,162,770.0,25.44,2544,157,795.44,820.88,897.2,10.9,0.72,0.379,4810,11.6,43.0,28.9
2026-08-21,15,770.0,0.28,28,14285,770.28,770.56,771.4,7.4,1.61,0.028,14656,4.7,5.1,5.3
2026-10-16,71,770.0,8.67,867,461,778.67,787.34,813.35,8.6,0.86,0.242,3647,14.6,27.4,19.0
2027-03-19,225,770.0,37.15,3715,107,807.15,844.3,955.75,12.6,0.7,0.432,3799,11.7,47.5,18.7
2027-12-17,498,770.0,78.37,7837,51,848.37,926.74,1161.85,18.3,0.67,0.537,2703,0.0,93.2,0.0
2026-09-30,55,770.0,5.61,561,713,775.61,781.22,798.05,8.2,0.94,0.194,1027,12.3,20.9,15.7
2026-08-31,25,772.0,1.01,101,3960,773.01,774.02,777.05,7.8,1.32,0.068,518,7.2,9.5,9.3
2026-12-18,134,775.0,19.01,1901,210,794.01,813.02,870.05,10.7,0.78,0.333,12395,12.0,40.9,23.5
2026-10-16,71,775.0,7.57,757,528,782.57,790.14,812.85,9.1,0.91,0.219,4982,14.6,24.1,17.7
2027-09-17,407,775.0,64.12,6412,62,839.12,903.24,1095.6,17.0,0.69,0.501,1112,20.7,80.8,25.8
2027-12-17,498,775.0,76.08,7608,52,851.08,927.16,1155.4,18.7,0.68,0.528,2749,0.0,93.2,0.0
2026-11-20,106,775.0,14.11,1411,283,789.11,803.22,845.55,10.1,0.82,0.293,585,17.3,37.9,20.3
2028-06-16,680,775.0,97.5,9750,41,872.5,970.0,1262.5,21.7,0.66,0.568,837,,,
2026-12-31,147,775.0,21.1,2110,189,796.1,817.2,880.5,11.0,0.76,0.345,875,10.5,42.9,25.6
2026-08-28,22,775.0,0.71,71,5633,775.71,776.42,778.55,8.2,1.47,0.052,1458,5.9,7.4,7.6
2026-08-14,8,775.0,0.06,6,66666,775.06,775.12,775.3,8.1,2.37,0.006,1232,0.4,0.6,1.0
2026-09-18,43,775.0,3.18,318,1257,778.18,781.36,790.9,8.5,1.1,0.137,8375,8.9,14.4,12.1
2026-09-30,55,775.0,4.75,475,842,779.75,784.5,798.75,8.8,1.0,0.171,806,11.8,17.6,14.4
2026-08-21,15,775.0,0.2,20,20000,775.2,775.4,776.0,8.1,1.76,0.021,6583,2.6,4.7,3.4
2027-01-15,162,775.0,23.76,2376,168,798.76,822.52,893.8,11.4,0.75,0.361,2783,10.8,41.8,26.0
2027-03-19,225,775.0,35.18,3518,113,810.18,845.36,950.9,13.0,0.72,0.417,2845,10.5,45.2,17.5
2026-08-31,25,775.0,0.86,86,4651,775.86,776.72,779.3,8.2,1.39,0.059,970,6.6,8.8,8.6
2027-06-17,315,775.0,49.91,4991,80,824.91,874.82,1024.55,15.1,0.7,0.467,4308,2.9,92.8,18.3
2026-08-28,22,780.0,0.53,53,7547,780.53,781.06,782.65,8.9,1.58,0.04,1333,4.1,6.6,4.9
2026-08-14,8,780.0,0.05,5,80000,780.05,780.1,780.25,8.8,2.57,0.005,906,0.2,0.2,0.8
2027-03-31,237,780.0,34.8,3480,114,814.8,849.6,954.0,13.6,0.73,0.408,848,8.7,44.8,16.1
2026-08-21,15,780.0,0.16,16,25000,780.16,780.32,780.8,8.8,1.9,0.016,11675,2.0,3.0,3.2
2026-11-20,106,780.0,12.77,1277,313,792.77,805.54,843.85,10.6,0.86,0.273,1158,15.9,35.0,19.4
2027-03-19,225,780.0,33.3,3330,120,813.3,846.6,946.5,13.4,0.74,0.402,2480,9.3,44.3,16.3
2027-06-17,315,780.0,47.84,4784,83,827.84,875.68,1019.2,15.5,0.72,0.455,12332,2.2,90.0,16.5
2027-01-15,162,780.0,22.1,2210,180,802.1,824.2,890.5,11.9,0.78,0.344,6527,9.3,40.2,21.9
2026-09-04,29,780.0,1.12,112,3571,781.12,782.24,785.6,8.9,1.39,0.067,1304,6.6,9.3,8.9
2026-12-31,147,780.0,19.38,1938,206,799.38,818.76,876.9,11.5,0.79,0.327,1659,10.3,40.9,23.1
2026-12-18,134,780.0,17.48,1748,228,797.48,814.96,867.4,11.2,0.81,0.314,17604,10.3,39.0,21.3
2026-08-31,25,780.0,0.65,65,6153,780.65,781.3,783.25,8.9,1.5,0.046,2558,5.3,7.2,6.6
2027-12-17,498,780.0,73.85,7385,54,853.85,927.7,1149.25,19.1,0.69,0.519,1313,0.0,91.9,0.0
2026-09-18,43,780.0,2.6,260,1538,782.6,785.2,793.0,9.1,1.17,0.116,8072,8.7,12.7,11.2
2027-09-17,407,780.0,61.81,6181,64,841.81,903.62,1089.05,17.4,0.7,0.491,1560,20.7,78.9,25.8
2026-09-30,55,780.0,4.01,401,997,784.01,788.02,800.05,9.3,1.07,0.149,679,10.3,14.8,13.8
2026-10-16,71,780.0,6.59,659,606,786.59,793.18,812.95,9.7,0.97,0.197,1759,13.7,21.6,16.8
2026-12-18,134,785.0,16.07,1607,248,801.07,817.14,865.35,11.7,0.84,0.296,1416,9.3,38.7,19.9
2026-10-16,71,785.0,5.73,573,698,790.73,796.46,813.65,10.3,1.02,0.177,2223,13.5,19.9,15.9
2027-01-15,162,785.0,20.52,2052,194,805.52,826.04,887.6,12.3,0.81,0.327,2203,8.8,38.4,17.3
2027-06-17,315,785.0,45.84,4584,87,830.84,876.68,1014.2,15.9,0.73,0.443,1366,2.2,87.1,15.1
2026-08-21,15,785.0,0.13,13,30769,785.13,785.26,785.65,9.5,2.04,0.013,16096,1.4,2.0,2.0
2026-08-31,25,785.0,0.51,51,7843,785.51,786.02,787.55,9.6,1.6,0.036,519,4.3,6.6,5.1
2027-03-19,225,785.0,31.49,3149,127,816.49,847.98,942.45,13.9,0.76,0.388,1456,8.7,42.3,15.5
2027-09-17,407,785.0,59.83,5983,66,844.83,904.66,1084.15,17.8,0.72,0.48,1135,20.2,77.9,25.8
2026-09-30,55,785.0,3.38,338,1183,788.38,791.76,801.9,10.0,1.13,0.13,1148,9.5,14.0,12.7
2026-08-28,22,785.0,0.41,41,9756,785.41,785.82,787.05,9.5,1.7,0.032,565,3.3,5.3,3.5
2026-09-18,43,785.0,2.13,213,1877,787.13,789.26,795.65,9.8,1.25,0.099,2779,8.5,11.2,9.9
2026-12-31,147,785.0,18.02,1802,221,803.02,821.04,875.1,12.0,0.83,0.309,796,9.5,39.6,19.0
2026-12-18,134,790.0,14.73,1473,271,804.73,819.46,863.65,12.2,0.88,0.278,7755,7.1,37.7,16.4
2026-11-20,106,790.0,10.41,1041,384,800.41,810.82,842.05,11.6,0.94,0.235,1080,13.8,31.5,17.8
2026-08-14,8,790.0,0.04,4,100000,790.04,790.08,790.2,10.2,2.96,0.004,712,0.0,0.0,0.2
2026-12-31,147,790.0,16.58,1658,241,806.58,823.16,872.9,12.5,0.86,0.292,1377,8.3,37.3,14.8
2027-06-17,315,790.0,43.9,4390,91,833.9,877.8,1009.5,16.3,0.75,0.43,3862,1.4,83.9,15.1
2026-09-30,55,790.0,2.85,285,1403,792.85,795.7,804.25,10.6,1.2,0.113,1259,8.8,13.1,11.0
2028-06-16,680,790.0,90.5,9050,44,880.5,971.0,1242.5,22.8,0.7,0.544,770,,,
2026-08-31,25,790.0,0.4,40,10000,790.4,790.8,792.0,10.2,1.71,0.029,1909,3.9,5.3,3.9
2027-03-19,225,790.0,29.76,2976,134,819.76,849.52,938.8,14.3,0.79,0.373,5621,7.9,39.7,14.6
2027-12-17,498,790.0,69.44,6944,57,859.44,928.88,1137.2,19.9,0.72,0.5,2187,0.0,91.2,0.0
2027-03-31,237,790.0,31.75,3175,125,821.75,853.5,948.75,14.6,0.78,0.38,1449,7.5,40.3,14.9
2026-10-16,71,790.0,4.97,497,804,794.97,799.94,814.85,10.9,1.08,0.158,891,12.8,18.1,14.8
2026-08-21,15,790.0,0.11,11,36363,790.11,790.22,790.55,10.2,2.18,0.01,6551,0.6,1.4,0.8
2026-09-18,43,790.0,1.75,175,2285,791.75,793.5,798.75,10.4,1.33,0.083,34225,8.0,9.9,8.9
2028-01-21,533,790.0,73.46,7346,54,863.46,936.92,1157.3,20.4,0.71,0.507,831,0.0,93.5,0.0
2027-02-19,197,790.0,24.79,2479,161,814.79,839.58,913.95,13.6,0.8,0.347,1057,9.1,37.2,14.0
2027-01-15,162,790.0,19.07,1907,209,809.07,828.14,885.35,12.8,0.84,0.31,3167,8.2,36.6,13.1
2026-09-04,29,794.0,0.58,58,6896,794.58,795.16,796.9,10.8,1.67,0.037,709,5.4,6.4,5.4
2026-08-31,25,795.0,0.32,32,12500,795.32,795.64,796.6,10.9,1.82,0.023,575,3.5,4.3,3.7
2026-09-18,43,795.0,1.44,144,2777,796.44,797.88,802.2,11.1,1.41,0.07,2586,7.0,8.7,8.0
2026-12-18,134,795.0,13.5,1350,296,808.5,822.0,862.5,12.8,0.91,0.261,5085,6.9,36.8,14.7
2027-06-17,315,795.0,42.03,4203,95,837.03,879.06,1005.15,16.7,0.77,0.418,1676,1.1,79.9,15.1
2027-09-17,407,795.0,55.77,5577,71,850.77,906.54,1073.85,18.7,0.75,0.459,1078,18.8,77.0,24.9
2026-12-31,147,795.0,15.25,1525,262,810.25,825.5,871.25,13.0,0.89,0.275,1024,7.3,35.1,13.3
2026-08-28,22,795.0,0.26,26,15384,795.26,795.52,796.3,10.9,1.93,0.02,569,2.3,3.3,2.7
2026-08-21,15,795.0,0.1,10,40000,795.1,795.2,795.5,10.9,2.33,0.009,1752,0.4,0.6,0.6
2027-01-15,162,795.0,17.65,1765,226,812.65,830.3,883.25,13.3,0.87,0.294,1699,8.0,35.3,11.9
2028-12-15,862,795.0,109.0,10900,36,904.0,1013.0,1340.0,26.1,0.7,0.573,534,,,
2026-10-16,71,795.0,4.31,431,928,799.31,803.62,816.55,11.5,1.14,0.141,3649,11.3,15.7,13.2
2027-03-19,225,795.0,28.09,2809,142,823.09,851.18,935.45,14.8,0.81,0.359,4687,7.3,36.7,14.3
2028-06-16,680,795.0,88.5,8850,45,883.5,972.0,1237.5,23.2,0.71,0.536,2341,,,
2026-11-20,106,795.0,9.38,938,426,804.38,813.76,841.9,12.2,0.98,0.217,637,12.1,29.9,17.3
2028-01-21,533,800.0,69.0,6900,57,869.0,938.0,1145.0,21.2,0.73,0.489,5510,0.0,93.5,0.0
2026-08-31,25,800.0,0.26,26,15384,800.26,800.52,801.3,11.6,1.93,0.019,7096,2.9,3.9,3.3
2027-01-15,162,800.0,16.36,1636,244,816.36,832.72,881.8,13.9,0.9,0.278,12429,7.5,32.2,10.6
2027-12-17,498,800.0,65.04,6504,61,865.04,930.08,1125.2,20.6,0.74,0.481,6123,0.0,90.5,0.0
2027-03-19,225,800.0,26.52,2652,150,826.52,853.04,932.6,15.3,0.84,0.345,7931,6.1,36.2,13.4
2026-10-16,71,800.0,3.73,373,1072,803.73,807.46,818.65,12.1,1.19,0.126,14553,10.2,14.8,12.6
2026-08-14,8,800.0,0.04,4,100000,800.04,800.08,800.2,11.6,3.34,0.003,1012,0.0,0.0,0.0
2028-12-15,862,800.0,107.0,10700,37,907.0,1014.0,1335.0,26.5,0.71,0.566,3314,,,
2027-09-17,407,800.0,53.68,5368,74,853.68,907.36,1068.4,19.1,0.76,0.449,1386,17.8,76.1,22.5
2026-12-18,134,800.0,12.34,1234,324,812.34,824.68,861.7,13.3,0.95,0.244,30355,6.6,34.3,14.2
2028-06-16,680,800.0,86.5,8650,46,886.5,973.0,1232.5,23.6,0.72,0.529,2476,,,
2026-09-30,55,800.0,2.02,202,1980,802.02,804.04,810.1,11.9,1.34,0.085,2249,7.1,11.6,9.0
2026-09-18,43,800.0,1.18,118,3389,801.18,802.36,805.9,11.7,1.49,0.059,41543,6.8,8.5,7.2
2026-11-20,106,800.0,8.42,842,475,808.42,816.84,842.1,12.8,1.03,0.2,3242,11.2,27.6,16.4
2026-12-31,147,800.0,14.01,1401,285,814.01,828.02,870.05,13.5,0.92,0.259,9033,7.0,31.8,12.5
2026-08-21,15,800.0,0.08,8,50000,800.08,800.16,800.4,11.6,2.47,0.007,12586,0.2,0.4,0.4
2026-08-28,22,800.0,0.23,23,17391,800.23,800.46,801.15,11.6,2.05,0.017,588,1.8,2.9,2.0
2027-03-31,237,800.0,28.03,2803,142,828.03,856.06,940.15,15.5,0.83,0.352,1794,6.9,36.1,13.4
2027-06-17,315,800.0,40.22,4022,99,840.22,880.44,1001.1,17.2,0.79,0.406,19970,1.1,77.4,15.1
2026-08-21,15,805.0,0.08,8,50000,805.08,805.16,805.4,12.3,2.61,0.006,3451,0.2,0.2,0.2
2027-03-31,237,805.0,26.88,2688,148,831.88,858.76,939.4,16.0,0.85,0.339,588,6.6,33.4,12.5
2026-08-28,22,805.0,0.2,20,20000,805.2,805.4,806.0,12.3,2.16,0.014,644,1.4,2.0,1.4
2028-06-16,680,805.0,84.0,8400,47,889.0,973.0,1225.0,24.0,0.73,0.521,730,,,
2027-01-15,162,805.0,15.14,1514,264,820.14,835.28,880.7,14.4,0.93,0.263,973,7.2,29.4,9.5
2026-12-18,134,805.0,11.3,1130,353,816.3,827.6,861.5,13.8,0.99,0.228,3206,6.4,33.1,13.5
2026-11-20,106,805.0,7.57,757,528,812.57,820.14,842.85,13.3,1.07,0.184,1317,10.0,25.9,15.4
2026-09-18,43,805.0,0.99,99,4040,805.99,806.98,809.95,12.4,1.57,0.05,29810,6.1,8.2,6.6
2027-03-19,225,805.0,25.0,2500,160,830.0,855.0,930.0,15.8,0.86,0.331,17603,6.1,33.8,12.5
2027-06-17,315,805.0,38.46,3846,104,843.46,881.92,997.3,17.6,0.81,0.395,3413,1.1,72.8,14.3
2026-10-16,71,805.0,3.23,323,1238,808.23,811.46,821.15,12.7,1.25,0.111,694,8.4,14.6,11.7
2027-03-19,225,810.0,23.55,2355,169,833.55,857.1,927.75,16.3,0.89,0.318,6420,6.1,32.4,12.2
2027-01-15,162,810.0,13.99,1399,285,823.99,837.98,879.95,14.9,0.96,0.248,3660,5.9,26.3,8.8
2026-08-28,22,810.0,0.17,17,23529,810.17,810.34,810.85,13.0,2.28,0.012,713,0.8,1.6,1.0
2027-03-31,237,810.0,24.91,2491,160,834.91,859.82,934.55,16.4,0.87,0.326,2211,5.7,31.6,12.5
2026-08-31,25,810.0,0.19,19,21052,810.19,810.38,810.95,13.0,2.15,0.013,747,1.9,2.9,1.9
2026-12-31,147,810.0,11.82,1182,338,821.82,833.64,869.1,14.6,0.99,0.228,1561,6.3,26.1,10.3
2028-06-16,680,810.0,82.0,8200,48,892.0,974.0,1220.0,24.4,0.74,0.513,1138,,,
2026-09-18,43,810.0,0.82,82,4878,810.82,811.64,814.1,13.1,1.65,0.043,8023,5.5,7.0,5.5
2026-10-16,71,810.0,2.81,281,1423,812.81,815.62,824.05,13.4,1.31,0.099,1159,7.5,13.7,9.9
2026-08-21,15,810.0,0.07,7,57142,810.07,810.14,810.35,13.0,2.75,0.006,6754,0.0,0.2,0.0
2028-01-21,533,810.0,65.0,6500,61,875.0,940.0,1135.0,22.0,0.76,0.471,873,0.0,92.7,0.0
2027-12-17,498,810.0,61.09,6109,65,871.09,932.18,1115.45,21.5,0.77,0.463,691,0.0,86.5,0.0
2026-12-18,134,810.0,10.32,1032,387,820.32,830.64,861.6,14.4,1.03,0.213,16592,6.1,31.1,12.7
2027-09-17,407,810.0,49.77,4977,80,859.77,909.54,1058.85,19.9,0.79,0.428,868,15.5,74.2,20.7
2027-06-17,315,810.0,36.74,3674,108,846.74,883.48,993.7,18.1,0.83,0.383,2718,1.1,71.3,13.3
2027-09-17,407,815.0,48.25,4825,82,863.25,911.5,1056.25,20.4,0.81,0.418,535,13.6,73.7,20.2
2027-01-15,162,815.0,12.93,1293,309,827.93,840.86,879.65,15.5,1.0,0.234,886,5.4,24.7,7.7
2026-09-18,43,815.0,0.68,68,5882,815.68,816.36,818.4,13.8,1.73,0.036,3129,5.1,6.8,5.3
2026-08-28,22,815.0,0.15,15,26666,815.15,815.3,815.75,13.7,2.39,0.01,512,0.8,1.2,0.8
2026-08-31,25,815.0,0.17,17,23529,815.17,815.34,815.85,13.7,2.26,0.011,810,1.4,2.3,1.4
2027-06-17,315,815.0,35.11,3511,113,850.11,885.22,990.55,18.6,0.85,0.371,4660,1.1,65.9,11.8
2026-09-30,55,815.0,1.23,123,3252,816.23,817.46,821.15,13.8,1.55,0.055,720,5.6,8.4,6.7
2026-12-18,134,815.0,9.41,941,425,824.41,833.82,862.05,15.0,1.06,0.199,7766,4.9,26.5,11.3
2026-08-21,15,815.0,0.06,6,66666,815.06,815.12,815.3,13.7,2.88,0.005,1146,0.0,0.0,0.0
2027-03-19,225,815.0,22.19,2219,180,837.19,859.38,925.95,16.8,0.91,0.305,4449,5.0,31.5,12.2
2026-10-16,71,815.0,2.42,242,1652,817.42,819.84,827.1,14.0,1.37,0.087,1000,7.3,13.5,9.1
2026-09-30,55,816.0,1.2,120,3333,817.2,818.4,822.0,14.0,1.56,0.053,1400,5.6,8.2,6.7
2027-01-15,162,820.0,11.93,1193,335,831.93,843.86,879.65,16.0,1.03,0.22,3404,4.6,23.2,5.9
2027-03-19,225,820.0,20.89,2089,191,840.89,861.78,924.45,17.3,0.94,0.292,2328,4.7,28.3,12.2
2026-08-21,15,820.0,0.06,6,66666,820.06,820.12,820.3,14.4,3.02,0.004,4221,0.0,0.0,0.0
2026-09-30,55,820.0,1.05,105,3809,821.05,822.1,825.25,14.5,1.62,0.048,6234,5.6,7.5,6.2
2027-06-17,315,820.0,33.54,3354,119,853.54,887.08,987.7,19.0,0.87,0.36,12981,1.1,59.5,11.5
2026-10-16,71,820.0,2.09,209,1913,822.09,824.18,830.45,14.7,1.43,0.077,3386,7.1,13.0,8.2
2027-12-17,498,820.0,57.33,5733,69,877.33,934.66,1106.65,22.4,0.8,0.444,2377,0.0,86.5,0.0
2026-09-18,43,820.0,0.58,58,6896,820.58,821.16,822.9,14.4,1.81,0.031,16510,4.4,6.1,4.7
2026-12-18,134,820.0,8.58,858,466,828.58,837.16,862.9,15.6,1.1,0.185,19187,3.7,23.0,9.3
2026-08-31,25,825.0,0.14,14,28571,825.14,825.28,825.7,15.1,2.47,0.008,2845,0.6,1.4,0.8
2027-12-17,498,825.0,55.82,5582,71,880.82,936.64,1104.1,22.8,0.81,0.435,739,0.0,85.8,0.0
2026-09-18,43,825.0,0.5,50,8000,825.5,826.0,827.5,15.1,1.89,0.027,1994,3.4,6.1,4.2
2026-08-21,15,825.0,0.06,6,66666,825.06,825.12,825.3,15.1,3.16,0.004,10607,0.0,0.0,0.0
2026-12-18,134,825.0,7.82,782,511,832.82,840.64,864.1,16.2,1.14,0.172,4643,3.2,20.3,7.8
2026-09-30,55,825.0,0.9,90,4444,825.9,826.8,829.5,15.2,1.69,0.042,1165,4.7,7.1,5.8
2026-10-16,71,825.0,1.81,181,2209,826.81,828.62,834.05,15.3,1.49,0.068,7790,6.6,11.3,7.5
2028-06-16,680,825.0,76.0,7600,52,901.0,977.0,1205.0,25.7,0.77,0.489,2799,,,
2027-01-15,162,825.0,10.94,1094,365,835.94,846.88,879.7,16.6,1.06,0.206,989,4.1,21.4,5.9
2027-06-17,315,825.0,32.06,3206,124,857.06,889.12,985.3,19.5,0.89,0.349,3723,1.1,55.9,10.0
2027-03-19,225,825.0,19.65,1965,203,844.65,864.3,923.25,17.8,0.96,0.279,3069,4.7,26.8,11.7
2026-12-18,134,830.0,7.11,711,562,837.11,844.22,865.55,16.8,1.18,0.16,3116,2.2,19.1,5.4
2028-01-21,533,830.0,57.5,5750,69,887.5,945.0,1117.5,23.8,0.82,0.435,924,0.0,89.4,0.0
2026-10-16,71,830.0,1.58,158,2531,831.58,833.16,837.9,16.0,1.55,0.06,758,6.0,10.2,6.8
2027-03-19,225,830.0,18.43,1843,217,848.43,866.86,922.15,18.3,0.99,0.267,20603,4.4,22.7,10.5
2027-12-17,498,830.0,53.77,5377,74,883.77,937.54,1098.85,23.3,0.83,0.426,844,0.0,83.8,0.0
2027-09-17,407,830.0,42.91,4291,93,872.91,915.82,1044.55,21.7,0.86,0.387,528,12.2,68.5,16.0
2026-09-18,43,830.0,0.42,42,9523,830.42,830.84,832.1,15.8,1.97,0.023,10214,3.0,5.5,3.4
2026-08-21,15,830.0,0.05,5,80000,830.05,830.1,830.25,15.8,3.29,0.004,9967,0.0,0.0,0.0
2027-06-17,315,830.0,30.61,3061,130,860.61,891.22,983.05,20.0,0.91,0.338,2797,1.1,53.0,9.0
2027-01-15,162,830.0,10.05,1005,398,840.05,850.1,880.25,17.2,1.1,0.194,5652,3.6,18.3,5.2
2027-02-19,197,830.0,14.45,1445,276,844.45,858.9,902.25,17.8,1.03,0.235,5272,3.9,21.2,7.7
2027-03-19,225,835.0,17.35,1735,230,852.35,869.7,921.75,18.9,1.02,0.255,1636,4.1,21.0,9.3
2026-10-16,71,835.0,1.37,137,2919,836.37,837.74,841.85,16.6,1.61,0.053,1449,5.5,8.4,6.6
2027-06-17,315,835.0,29.21,2921,136,864.21,893.42,981.05,20.5,0.93,0.327,3506,1.1,50.9,8.2
2026-11-20,106,835.0,3.94,394,1015,838.94,842.88,854.7,17.0,1.34,0.108,3180,3.0,14.3,9.1
2026-09-18,43,835.0,0.38,38,10526,835.38,835.76,836.9,16.5,2.05,0.02,4593,2.5,4.7,2.7
2026-12-31,147,835.0,7.89,789,506,842.89,850.78,874.45,17.6,1.18,0.162,519,3.5,15.3,4.0
2026-08-21,15,835.0,0.05,5,80000,835.05,835.1,835.25,16.5,3.43,0.003,683,0.0,0.0,0.0
2026-12-18,134,835.0,6.48,648,617,841.48,847.96,867.4,17.4,1.22,0.148,783,2.2,15.2,4.2
2028-01-21,533,835.0,56.0,5600,71,891.0,947.0,1115.0,24.3,0.83,0.426,2030,0.0,88.6,0.0
2027-01-15,162,835.0,9.35,935,427,844.35,853.7,881.75,17.8,1.13,0.182,900,3.6,17.0,4.9
2026-09-30,55,839.0,0.61,61,6557,839.61,840.22,842.05,17.1,1.89,0.029,500,3.7,5.6,4.5
2026-12-18,134,840.0,5.89,589,679,845.89,851.78,869.45,18.0,1.26,0.137,5544,2.2,13.0,3.4
2027-06-17,315,840.0,27.68,2768,144,867.68,895.36,978.4,21.0,0.95,0.316,4373,1.1,48.0,7.5
2027-09-17,407,840.0,39.78,3978,100,879.78,919.56,1038.9,22.7,0.89,0.367,544,11.7,64.8,15.5
2026-10-16,71,840.0,1.19,119,3361,841.19,842.38,845.95,17.3,1.67,0.047,824,4.9,7.3,6.2
2027-12-17,498,840.0,50.38,5038,79,890.38,940.76,1091.9,24.2,0.86,0.407,1156,0.0,79.1,0.0
2027-03-31,237,840.0,17.5,1750,228,857.5,875.0,927.5,19.6,1.03,0.252,1549,2.7,24.5,8.4
2027-03-19,225,840.0,16.32,1632,245,856.32,872.64,921.6,19.4,1.04,0.243,2340,3.8,20.1,8.2
2026-12-31,147,840.0,6.99,699,572,846.99,853.98,874.95,18.1,1.21,0.151,585,3.0,14.0,3.5
2026-08-21,15,840.0,0.05,5,80000,840.05,840.1,840.25,17.2,3.56,0.003,2801,0.0,0.0,0.0
2026-09-18,43,840.0,0.34,34,11764,840.34,840.68,841.7,17.2,2.13,0.018,17897,2.5,4.0,2.7
2027-01-15,162,840.0,8.56,856,467,848.56,857.12,882.8,18.3,1.17,0.17,1467,3.6,16.0,4.4
2026-09-30,55,843.0,0.54,54,7407,843.54,844.08,845.7,17.6,1.94,0.026,1251,3.0,5.6,4.1
2028-01-21,533,845.0,52.5,5250,76,897.5,950.0,1107.5,25.2,0.86,0.409,925,0.0,87.0,0.0
2027-03-19,225,845.0,15.32,1532,261,860.32,875.64,921.6,20.0,1.07,0.232,1756,3.5,17.8,7.6
2026-08-21,15,845.0,0.05,5,80000,845.05,845.1,845.25,17.9,3.7,0.003,1152,0.0,0.0,0.0
2027-06-17,315,845.0,26.58,2658,150,871.58,898.16,977.9,21.6,0.97,0.305,1239,1.1,44.4,6.1
2026-10-16,71,845.0,1.04,104,3846,846.04,847.08,850.2,18.0,1.73,0.042,1622,4.0,7.3,5.3
2026-09-30,55,845.0,0.51,51,7843,845.51,846.02,847.55,17.9,1.97,0.025,602,2.8,5.4,4.1
2026-09-18,43,845.0,0.31,31,12903,845.31,845.62,846.55,17.9,2.21,0.016,1508,1.7,3.4,2.5
2027-01-15,162,845.0,7.93,793,504,852.93,860.86,884.65,19.0,1.2,0.159,663,3.6,14.4,3.6
2026-12-18,134,845.0,5.36,536,746,850.36,855.72,871.8,18.6,1.3,0.127,1386,2.2,10.3,3.2
2026-08-31,25,845.0,0.09,9,44444,845.09,845.18,845.45,17.9,2.89,0.005,603,0.0,0.4,0.0
2026-10-16,71,850.0,0.92,92,4347,850.92,851.84,854.6,18.7,1.79,0.037,6888,3.3,7.1,4.9
2028-12-15,862,850.0,86.5,8650,46,936.5,1023.0,1282.5,30.6,0.8,0.499,3422,,,
2026-09-30,55,850.0,0.46,46,8695,850.46,850.92,852.3,18.6,2.04,0.022,982,2.8,4.7,3.4
2026-09-18,43,850.0,0.27,27,14814,850.27,850.54,851.35,18.6,2.28,0.014,20318,1.5,2.7,2.5
2027-01-15,162,850.0,7.21,721,554,857.21,864.42,886.05,19.6,1.24,0.149,15820,3.6,12.9,3.6
2027-09-17,407,850.0,36.91,3691,108,886.91,923.82,1034.55,23.7,0.93,0.348,787,8.5,59.6,14.1
2026-12-31,147,850.0,5.85,585,683,855.85,861.7,879.25,19.4,1.29,0.131,4190,2.3,10.5,2.8
2026-12-18,134,850.0,4.86,486,823,854.86,859.72,874.3,19.2,1.34,0.117,7668,2.0,8.8,2.7
2027-03-19,225,850.0,14.38,1438,278,864.38,878.76,921.9,20.6,1.1,0.221,7656,3.5,16.6,6.7
2026-08-21,15,850.0,0.04,4,100000,850.04,850.08,850.2,18.6,3.83,0.002,15611,0.0,0.0,0.0
2028-01-21,533,850.0,51.0,5100,78,901.0,952.0,1105.0,25.7,0.87,0.4,1630,0.0,84.6,0.0
2027-06-17,315,850.0,25.35,2535,157,875.35,900.7,976.75,22.1,0.99,0.295,10724,0.4,40.9,5.7
2027-03-31,237,850.0,15.49,1549,258,865.49,880.98,927.45,20.7,1.08,0.23,521,2.7,21.2,6.3
2027-12-17,498,850.0,47.08,4708,84,897.08,944.16,1085.4,25.1,0.89,0.389,1450,0.0,75.0,0.0
2026-08-31,25,850.0,0.09,9,44444,850.09,850.18,850.45,18.6,2.99,0.005,2019,0.0,0.2,0.0
2026-12-31,147,855.0,5.4,540,740,860.4,865.8,882.0,20.0,1.33,0.121,515,2.3,9.8,2.5
2027-06-17,315,855.0,24.16,2416,165,879.16,903.32,975.8,22.6,1.01,0.285,3556,0.0,37.3,5.4
2027-03-19,225,855.0,13.5,1350,296,868.5,882.0,922.5,21.1,1.13,0.21,3508,2.9,15.7,6.1
2026-10-16,71,855.0,0.81,81,4938,855.81,856.62,859.05,19.4,1.85,0.033,585,2.6,6.4,4.2
2026-09-18,43,855.0,0.25,25,16000,855.25,855.5,856.25,19.3,2.36,0.013,2282,1.3,2.5,1.9
2026-08-31,25,855.0,0.08,8,50000,855.08,855.16,855.4,19.3,3.1,0.004,795,0.0,0.0,0.0
2028-06-16,680,855.0,65.0,6500,61,920.0,985.0,1180.0,28.3,0.84,0.443,518,,,
2027-09-17,407,855.0,35.71,3571,112,890.71,926.42,1033.55,24.2,0.95,0.338,1285,8.0,57.7,14.1
2027-01-15,162,855.0,6.71,671,596,861.71,868.42,888.55,20.2,1.27,0.139,1405,3.1,11.1,3.4
2026-12-18,134,855.0,4.51,451,886,859.51,864.02,877.55,19.9,1.38,0.108,1580,2.0,6.9,2.5
2026-10-16,71,860.0,0.72,72,5555,860.72,861.44,863.6,20.0,1.91,0.03,677,1.8,6.0,3.8
2027-09-17,407,860.0,34.18,3418,117,894.18,928.36,1030.9,24.7,0.97,0.329,556,7.5,55.9,14.1
2027-03-19,225,860.0,12.67,1267,315,872.67,885.34,923.35,21.7,1.16,0.2,3408,2.6,14.6,5.0
2026-12-18,134,860.0,4.01,401,997,864.01,868.02,880.05,20.5,1.42,0.1,20289,1.2,6.9,2.0
2028-06-16,680,860.0,63.0,6300,63,923.0,986.0,1175.0,28.7,0.85,0.435,1095,,,
2028-01-21,533,860.0,47.5,4750,84,907.5,955.0,1097.5,26.6,0.9,0.383,785,0.0,82.1,0.0
2027-06-17,315,860.0,23.03,2303,173,883.03,906.06,975.15,23.2,1.04,0.275,2046,0.0,34.8,5.0
2027-01-15,162,860.0,6.13,613,652,866.13,872.26,890.65,20.8,1.31,0.13,548,2.6,10.1,3.4
2028-12-15,862,860.0,83.0,8300,48,943.0,1026.0,1275.0,31.5,0.82,0.485,710,,,
2026-08-21,15,860.0,0.04,4,100000,860.04,860.08,860.2,19.9,4.09,0.002,1556,0.0,0.0,0.0
2026-09-18,43,860.0,0.22,22,18181,860.22,860.44,861.1,20.0,2.44,0.011,2156,1.1,2.3,1.3
2027-12-17,498,865.0,42.93,4293,93,907.93,950.86,1079.65,26.6,0.93,0.363,890,0.0,70.3,0.0
2026-12-18,134,865.0,3.73,373,1072,868.73,872.46,883.65,21.2,1.46,0.092,670,1.2,6.4,2.0
2027-06-30,328,865.0,23.93,2393,167,888.93,912.86,984.65,24.0,1.05,0.273,667,0.0,39.3,4.8
2027-09-17,407,865.0,33.07,3307,120,898.07,931.14,1030.35,25.3,0.98,0.32,544,7.5,53.1,13.6
2026-09-18,43,865.0,0.21,21,19047,865.21,865.42,866.05,20.7,2.52,0.01,682,0.8,1.5,1.1
2027-01-15,162,865.0,5.66,566,706,870.66,876.32,893.3,21.4,1.35,0.121,3884,2.6,8.8,2.8
2026-10-16,71,865.0,0.64,64,6250,865.64,866.28,868.2,20.7,1.97,0.026,1103,1.1,5.5,3.5
2028-01-21,533,865.0,46.0,4600,86,911.0,957.0,1095.0,27.1,0.92,0.374,586,0.0,79.7,0.0
2027-06-17,315,865.0,21.95,2195,182,886.95,908.9,974.75,23.7,1.06,0.265,27881,0.0,32.6,4.7
2027-03-19,225,865.0,11.88,1188,336,876.88,888.76,924.4,22.3,1.18,0.191,623,2.3,13.4,4.4
2026-08-21,15,865.0,0.04,4,100000,865.04,865.08,865.2,20.6,4.22,0.002,590,0.0,0.0,0.0
2026-08-31,25,870.0,0.07,7,57142,870.07,870.14,870.35,21.3,3.4,0.003,689,0.0,0.0,0.0
2027-01-15,162,870.0,5.16,516,775,875.16,880.32,895.8,22.1,1.38,0.113,4387,2.3,8.2,2.3
2028-12-15,862,870.0,79.0,7900,50,949.0,1028.0,1265.0,32.4,0.84,0.472,1387,,,
2026-09-18,43,870.0,0.19,19,21052,870.19,870.38,870.95,21.4,2.6,0.009,20495,0.4,1.3,0.6
2028-01-21,533,870.0,44.5,4450,89,914.5,959.0,1092.5,27.5,0.93,0.366,1124,0.0,79.7,0.0
2027-06-17,315,870.0,20.92,2092,191,890.92,911.84,974.6,24.3,1.08,0.256,1425,0.0,30.5,4.7
2027-03-19,225,870.0,11.15,1115,358,881.15,892.3,925.75,22.9,1.21,0.181,3185,2.0,13.4,4.1
2026-12-18,134,870.0,3.4,340,1176,873.4,876.8,887.0,21.8,1.5,0.085,5065,1.0,6.1,1.7
2028-06-16,680,870.0,60.0,6000,66,930.0,990.0,1170.0,29.7,0.88,0.419,2443,,,
2027-06-17,315,875.0,19.93,1993,200,894.93,914.86,974.65,24.8,1.1,0.246,2188,0.0,27.6,4.7
2026-08-21,15,875.0,0.04,4,100000,875.04,875.08,875.2,22.0,4.48,0.002,7757,0.0,0.0,0.0
2027-06-30,328,875.0,21.85,2185,183,896.85,918.7,984.25,25.1,1.09,0.254,607,0.0,31.9,4.8
2027-03-19,225,875.0,10.43,1043,383,885.43,895.86,927.15,23.5,1.24,0.172,12506,2.0,13.4,3.8
2027-01-15,162,875.0,4.82,482,829,879.82,884.64,899.1,22.7,1.42,0.105,1473,2.1,7.5,2.3
2026-12-18,134,875.0,3.09,309,1294,878.09,881.18,890.45,22.5,1.54,0.078,2598,1.0,5.1,1.7
2026-09-18,43,875.0,0.18,18,22222,875.18,875.36,875.9,22.1,2.67,0.008,3472,0.2,1.3,0.4
2026-08-31,25,880.0,0.06,6,66666,880.06,880.12,880.3,22.7,3.6,0.003,514,0.0,0.0,0.0
2028-12-15,862,880.0,75.5,7550,52,955.5,1031.0,1257.5,33.3,0.86,0.458,589,,,
2026-08-21,15,880.0,0.04,4,100000,880.04,880.08,880.2,22.7,4.61,0.001,740,0.0,0.0,0.0
2026-10-16,71,880.0,0.48,48,8333,880.48,880.96,882.4,22.8,2.15,0.019,1090,0.4,3.3,1.8
2028-01-21,533,880.0,41.5,4150,96,921.5,963.0,1087.5,28.5,0.96,0.349,836,0.0,74.0,0.0
2027-03-31,237,880.0,11.01,1101,363,891.01,902.02,935.05,24.3,1.25,0.172,613,1.2,13.1,3.9
2026-12-18,134,880.0,2.8,280,1428,882.8,885.6,894.0,23.1,1.58,0.072,15966,1.0,3.9,1.0
2027-12-17,498,880.0,38.5,3850,103,918.5,957.0,1072.5,28.1,0.98,0.338,1961,0.0,62.8,0.0
2027-06-17,315,880.0,18.99,1899,210,898.99,917.98,974.95,25.4,1.13,0.237,35624,0.0,24.7,3.9
2026-09-18,43,880.0,0.16,16,25000,880.16,880.32,880.8,22.8,2.75,0.008,1381,0.2,0.8,0.4
2027-01-15,162,880.0,4.38,438,913,884.38,888.76,901.9,23.3,1.45,0.098,3928,1.8,7.5,2.1
2027-03-19,225,880.0,9.8,980,408,889.8,899.6,929.0,24.1,1.27,0.163,9394,2.0,13.4,3.8
2027-12-17,498,885.0,37.43,3743,106,922.43,959.86,1072.15,28.7,1.0,0.33,1215,0.0,60.8,0.0
2027-06-17,315,885.0,18.09,1809,221,903.09,921.18,975.45,26.0,1.15,0.229,1532,0.0,21.9,3.6
2028-06-16,680,885.0,55.0,5500,72,940.0,995.0,1160.0,31.1,0.92,0.397,553,,,
2026-12-18,134,885.0,2.57,257,1556,887.57,890.14,897.85,23.8,1.63,0.066,750,1.0,3.2,1.0
2027-03-19,225,885.0,9.19,919,435,894.19,903.38,930.95,24.7,1.3,0.155,843,1.7,12.8,3.8
2026-08-21,15,885.0,0.04,4,100000,885.04,885.08,885.2,23.4,4.74,0.001,1674,0.0,0.0,0.0
2026-09-30,55,885.0,0.24,24,16666,885.24,885.48,886.2,23.5,2.52,0.011,515,0.2,1.7,0.4
2026-09-18,43,885.0,0.15,15,26666,885.15,885.3,885.75,23.5,2.82,0.007,1063,0.2,0.6,0.2
2026-10-16,71,885.0,0.43,43,9302,885.43,885.86,887.15,23.5,2.2,0.017,3339,0.0,2.6,1.1
2027-06-17,315,890.0,17.24,1724,232,907.24,924.48,976.2,26.5,1.17,0.22,9917,0.0,20.4,2.9
2026-11-20,106,890.0,1.25,125,3200,891.25,892.5,896.25,24.3,1.86,0.038,979,0.9,2.1,1.9
2026-09-18,43,890.0,0.14,14,28571,890.14,890.28,890.7,24.1,2.9,0.006,1160,0.2,0.4,0.2
2027-09-17,407,890.0,27.13,2713,147,917.13,944.26,1025.65,27.9,1.08,0.276,630,4.7,41.3,8.9
2027-03-19,225,890.0,8.61,861,464,898.61,907.22,933.05,25.3,1.33,0.147,570,1.2,11.7,3.2
2027-12-17,498,890.0,35.93,3593,111,925.93,961.86,1069.65,29.1,1.01,0.321,1888,0.0,58.1,0.0
2028-01-21,533,890.0,39.0,3900,102,929.0,968.0,1085.0,29.6,0.99,0.333,756,0.0,65.9,0.0
2026-08-21,15,890.0,0.03,3,133333,890.03,890.06,890.15,24.1,4.86,0.001,655,0.0,0.0,0.0
2026-12-18,134,890.0,2.35,235,1702,892.35,894.7,901.75,24.5,1.67,0.061,1041,0.7,2.2,1.0
2027-03-19,225,895.0,8.07,807,495,903.07,911.14,935.35,26.0,1.36,0.14,625,1.2,9.9,2.9
2027-06-17,315,895.0,16.42,1642,243,911.42,927.84,977.1,27.1,1.19,0.212,4501,0.0,19.0,2.9
2026-09-04,29,895.0,0.07,7,57142,895.07,895.14,895.35,24.8,3.61,0.003,904,0.0,0.0,0.0
2026-08-31,25,895.0,0.05,5,80000,895.05,895.1,895.25,24.8,3.9,0.002,525,0.0,0.0,0.0
2028-06-16,680,895.0,52.0,5200,76,947.0,999.0,1155.0,32.1,0.94,0.382,544,,,
2026-09-18,43,895.0,0.13,13,30769,895.13,895.26,895.65,24.8,2.97,0.006,536,0.0,0.2,0.0
2027-12-17,498,895.0,35.05,3505,114,930.05,965.1,1070.25,29.7,1.03,0.313,1873,0.0,56.1,0.0
2026-12-18,134,895.0,2.15,215,1860,897.15,899.3,905.75,25.1,1.71,0.056,604,0.5,2.2,1.0
2026-12-18,134,900.0,1.93,193,2072,901.93,903.86,909.65,25.8,1.75,0.052,13828,0.2,2.2,0.7
2026-09-30,55,900.0,0.2,20,20000,900.2,900.4,901.0,25.6,2.72,0.008,581,0.2,0.9,0.2
2027-12-17,498,900.0,33.72,3372,118,933.72,967.44,1068.6,30.2,1.04,0.305,5615,0.0,54.1,0.0
2026-09-18,43,900.0,0.13,13,30769,900.13,900.26,900.65,25.5,3.05,0.006,28845,0.0,0.2,0.0
2027-01-15,162,900.0,3.19,319,1253,903.19,906.38,915.95,26.0,1.6,0.074,15736,1.0,4.1,1.0
2027-06-17,315,900.0,15.64,1564,255,915.64,931.28,978.2,27.7,1.22,0.204,27666,0.0,17.6,2.9
2028-01-21,533,900.0,36.5,3650,109,936.5,973.0,1082.5,30.6,1.02,0.318,1537,0.0,62.6,0.0
2026-10-16,71,900.0,0.33,33,12121,900.33,900.66,901.65,25.6,2.38,0.013,17120,0.0,1.1,0.4
2028-06-16,680,900.0,50.5,5050,79,950.5,1001.0,1152.5,32.6,0.95,0.375,543,,,
2026-08-21,15,900.0,0.03,3,133333,900.03,900.06,900.15,25.5,5.11,0.001,36336,0.0,0.0,0.0
2026-11-20,106,900.0,1.0,100,4000,901.0,902.0,905.0,25.7,1.96,0.032,918,0.7,1.9,1.2
2027-09-17,407,900.0,24.79,2479,161,924.79,949.58,1023.95,29.0,1.11,0.26,1191,4.2,38.5,7.5
2028-12-15,862,900.0,69.0,6900,57,969.0,1038.0,1245.0,35.1,0.91,0.432,3567,,,
2027-03-19,225,900.0,7.57,757,528,907.57,915.14,937.85,26.6,1.39,0.132,1943,1.2,9.0,2.3
2027-06-17,315,905.0,14.9,1490,268,919.9,934.8,979.5,28.3,1.24,0.196,1455,0.0,14.7,2.5
2028-12-15,862,905.0,67.5,6750,59,972.5,1040.0,1242.5,35.6,0.92,0.425,957,,,
2027-09-17,407,905.0,24.29,2429,164,929.29,953.58,1026.45,29.6,1.13,0.252,672,4.2,37.1,7.0
2027-01-15,162,905.0,2.92,292,1369,907.92,910.84,919.6,26.6,1.64,0.069,939,1.0,3.6,1.0
2026-09-18,43,905.0,0.12,12,33333,905.12,905.24,905.6,26.2,3.12,0.005,826,0.0,0.2,0.0
2028-06-16,680,905.0,49.5,4950,80,954.5,1004.0,1152.5,33.1,0.97,0.367,798,,,
2028-01-21,533,905.0,35.5,3550,112,940.5,976.0,1082.5,31.2,1.04,0.31,900,0.0,61.0,0.0
2027-12-17,498,905.0,32.76,3276,122,937.76,970.52,1068.8,30.8,1.06,0.298,1586,0.0,48.0,0.0
2027-09-17,407,910.0,23.37,2337,171,933.37,956.74,1026.85,30.2,1.15,0.244,606,4.2,36.2,6.6
2028-01-21,533,910.0,34.5,3450,115,944.5,979.0,1082.5,31.7,1.05,0.302,1887,0.0,58.5,0.0
2027-12-17,498,910.0,31.37,3137,127,941.37,972.74,1066.85,31.3,1.08,0.29,1790,0.0,46.6,0.0
2027-01-15,162,910.0,2.69,269,1486,912.69,915.38,923.45,27.3,1.67,0.064,598,1.0,3.6,1.0
2027-06-17,315,910.0,14.19,1419,281,924.19,938.38,980.95,28.9,1.26,0.188,1124,0.0,12.9,2.5
2026-09-18,43,910.0,0.11,11,36363,910.11,910.22,910.55,26.9,3.2,0.005,2175,0.0,0.0,0.0
2027-03-19,225,910.0,6.65,665,601,916.65,923.3,943.25,27.8,1.44,0.119,535,0.3,7.3,2.3
2026-12-18,134,910.0,1.66,166,2409,911.66,913.32,918.3,27.1,1.83,0.044,2427,0.2,2.0,0.7
2027-12-17,498,915.0,30.5,3050,131,945.5,976.0,1067.5,31.9,1.09,0.283,507,0.0,42.6,0.0
2028-12-15,862,915.0,64.5,6450,62,979.5,1044.0,1237.5,36.6,0.94,0.412,510,,,
2028-06-16,680,915.0,46.5,4650,86,961.5,1008.0,1147.5,34.1,0.99,0.353,1840,,,
2026-09-18,43,915.0,0.11,11,36363,915.11,915.22,915.55,27.6,3.27,0.004,15375,0.0,0.0,0.0
2028-01-21,533,915.0,33.0,3300,121,948.0,981.0,1080.0,32.2,1.07,0.295,908,0.0,56.9,0.0
2027-06-17,315,915.0,13.52,1352,295,928.52,942.04,982.6,29.5,1.29,0.181,2224,0.0,11.8,1.4
2028-01-21,533,920.0,32.0,3200,125,952.0,984.0,1080.0,32.8,1.08,0.287,502,0.0,52.0,0.0
2026-08-21,15,920.0,0.03,3,133333,920.03,920.06,920.15,28.3,5.61,0.001,893,0.0,0.0,0.0
2027-09-17,407,920.0,21.66,2166,184,941.66,963.32,1028.3,31.3,1.19,0.229,1130,3.8,35.2,6.1
2026-12-18,134,920.0,1.41,141,2836,921.41,922.82,927.05,28.5,1.91,0.037,5718,0.0,1.2,0.2
2026-08-31,25,920.0,0.05,5,80000,920.05,920.1,920.25,28.3,4.39,0.002,1146,0.0,0.0,0.0
2026-10-16,71,920.0,0.24,24,16666,920.24,920.48,921.2,28.3,2.61,0.009,4145,0.0,0.0,0.0
2026-09-18,43,920.0,0.1,10,40000,920.1,920.2,920.5,28.3,3.34,0.004,1193,0.0,0.0,0.0
2027-06-17,315,920.0,12.88,1288,310,932.88,945.76,984.4,30.1,1.31,0.174,1271,0.0,10.4,1.4
2027-01-15,162,920.0,2.33,233,1716,922.33,924.66,931.65,28.6,1.74,0.055,939,0.8,3.6,0.8
2027-06-17,315,925.0,13.5,1350,296,938.5,952.0,992.5,30.9,1.34,0.167,1131,0.0,9.0,1.4
2026-09-18,43,925.0,0.1,10,40000,925.1,925.2,925.5,29.0,3.42,0.004,10767,0.0,0.0,0.0
2026-12-18,134,925.0,1.2,120,3333,926.2,927.4,931.0,29.2,1.95,0.035,804,0.0,1.2,0.2
2028-06-16,680,925.0,44.0,4400,90,969.0,1013.0,1145.0,35.1,1.02,0.339,1320,,,
2027-03-19,225,925.0,5.48,548,729,930.48,935.96,952.4,29.8,1.53,0.101,658,0.3,5.8,1.2
2026-08-21,15,925.0,0.03,3,133333,925.03,925.06,925.15,29.0,5.73,0.001,1217,0.0,0.0,0.0
2028-01-21,533,925.0,31.0,3100,129,956.0,987.0,1080.0,33.3,1.1,0.28,758,0.0,48.0,0.0
2026-10-16,71,925.0,0.23,23,17391,925.23,925.46,926.15,29.0,2.66,0.009,563,0.0,0.0,0.0
2026-09-18,43,930.0,0.09,9,44444,930.09,930.18,930.45,29.7,3.49,0.004,526,0.0,0.0,0.0
2028-06-16,680,930.0,43.0,4300,93,973.0,1016.0,1145.0,35.7,1.03,0.332,719,,,
2028-12-15,862,930.0,60.0,6000,66,990.0,1050.0,1230.0,38.1,0.97,0.393,1273,,,
2028-01-21,533,930.0,30.0,3000,133,960.0,990.0,1080.0,33.9,1.12,0.273,1454,0.0,42.3,0.0
2026-08-31,25,930.0,0.05,5,80000,930.05,930.1,930.25,29.7,4.58,0.001,1955,0.0,0.0,0.0
2027-12-17,498,930.0,27.73,2773,144,957.73,985.46,1068.65,33.6,1.14,0.261,1810,0.0,30.4,0.0
2027-06-17,315,930.0,13.01,1301,307,943.01,956.02,995.05,31.5,1.36,0.161,1142,0.0,7.2,1.4
2026-12-18,134,930.0,1.2,120,3333,931.2,932.4,936.0,29.9,1.99,0.032,10344,0.0,1.0,0.2
2027-06-30,328,930.0,12.62,1262,316,942.62,955.24,993.1,31.5,1.33,0.168,578,0.0,8.9,1.5
2027-03-19,225,930.0,5.15,515,776,935.15,940.3,955.75,30.4,1.56,0.095,6278,0.3,4.7,1.2
2027-12-17,498,935.0,26.82,2682,149,961.82,988.64,1069.1,34.1,1.16,0.254,1491,0.0,29.1,0.0
2028-06-16,680,935.0,41.5,4150,96,976.5,1018.0,1142.5,36.2,1.05,0.325,1317,,,
2026-12-31,147,935.0,1.41,141,2836,936.41,937.82,942.05,30.6,1.94,0.036,850,0.0,1.8,0.0
2027-06-17,315,935.0,11.15,1115,358,946.15,957.3,990.75,32.0,1.38,0.154,2466,0.0,6.1,1.4
2027-09-17,407,935.0,19.31,1931,207,954.31,973.62,1031.55,33.1,1.25,0.208,1045,3.3,31.0,4.7
2028-01-21,533,935.0,29.0,2900,137,964.0,993.0,1080.0,34.4,1.13,0.266,1254,0.0,40.7,0.0
2026-10-16,71,940.0,0.19,19,21052,940.19,940.38,940.95,31.1,2.83,0.007,547,0.0,0.0,0.0
2027-06-17,315,940.0,10.62,1062,376,950.62,961.24,993.1,32.6,1.4,0.148,777,0.0,5.0,1.1
2028-01-21,533,940.0,28.0,2800,142,968.0,996.0,1080.0,35.0,1.15,0.259,1505,0.0,37.4,0.0
2027-12-17,498,940.0,25.49,2549,156,965.49,990.98,1067.45,34.7,1.18,0.247,2711,0.0,24.3,0.0
2027-06-30,328,940.0,11.49,1149,348,951.49,962.98,997.45,32.7,1.38,0.156,1135,0.0,6.7,1.1
2026-09-18,43,940.0,0.08,8,50000,940.08,940.16,940.4,31.1,3.63,0.003,760,0.0,0.0,0.0
2027-03-19,225,940.0,4.53,453,883,944.53,949.06,962.65,31.7,1.62,0.086,595,0.0,4.4,1.2
2026-12-18,134,940.0,1.03,103,3883,941.03,942.06,945.15,31.2,2.07,0.027,815,0.0,1.0,0.0
2027-09-17,407,940.0,18.3,1830,218,958.3,976.6,1031.5,33.7,1.27,0.201,970,2.8,30.0,4.2
2028-01-21,533,945.0,27.5,2750,145,972.5,1000.0,1082.5,35.6,1.17,0.253,691,0.0,35.8,0.0
2028-06-16,680,945.0,39.5,3950,101,984.5,1024.0,1142.5,37.3,1.07,0.312,583,,,
2027-06-17,315,945.0,10.12,1012,395,955.12,965.24,995.6,33.2,1.43,0.142,3754,0.0,3.9,1.1
2027-06-30,328,945.0,10.95,1095,365,955.95,966.9,999.75,33.3,1.4,0.15,1461,0.0,4.8,1.1
2026-12-18,134,945.0,0.96,96,4166,945.96,946.92,949.8,31.9,2.11,0.025,609,0.0,1.0,0.0
2027-12-17,498,945.0,24.66,2466,162,969.66,994.32,1068.3,35.2,1.19,0.241,3109,0.0,21.6,0.0
2026-08-21,15,945.0,0.03,3,133333,945.03,945.06,945.15,31.8,6.21,0.001,652,0.0,0.0,0.0
2027-09-17,407,945.0,17.65,1765,226,962.65,980.3,1033.25,34.3,1.29,0.195,2093,2.8,27.7,3.8
2028-01-21,533,950.0,26.5,2650,150,976.5,1003.0,1082.5,36.2,1.18,0.246,4844,0.0,34.1,0.0
2027-06-17,315,950.0,9.65,965,414,959.65,969.3,998.25,33.8,1.45,0.137,4745,0.0,2.5,1.1
2026-09-30,55,950.0,0.11,11,36363,950.11,950.22,950.55,32.5,3.36,0.004,8103,0.0,0.0,0.0
2027-06-30,328,950.0,10.47,1047,382,960.47,970.94,1002.35,34.0,1.43,0.144,1491,0.0,4.4,1.1
2027-01-15,162,950.0,1.44,144,2777,951.44,952.88,957.2,32.7,1.96,0.036,18248,0.0,2.1,0.0
2026-08-31,25,950.0,0.05,5,80000,950.05,950.1,950.25,32.5,4.95,0.001,36767,0.0,0.0,0.0
2027-12-17,498,950.0,23.27,2327,171,973.27,996.54,1066.35,35.7,1.21,0.234,7114,0.0,20.3,0.0
2026-09-18,43,950.0,0.08,8,50000,950.08,950.16,950.4,32.5,3.77,0.003,1301,0.0,0.0,0.0
2026-10-16,71,950.0,0.17,17,23529,950.17,950.34,950.85,32.5,2.94,0.006,791,0.0,0.0,0.0
2026-11-20,106,950.0,0.55,55,7272,950.55,951.1,952.75,32.6,2.41,0.014,2299,0.0,0.2,0.0
2026-08-28,22,950.0,0.04,4,100000,950.04,950.08,950.2,32.5,5.25,0.001,2466,0.0,0.0,0.0
2026-08-21,15,950.0,0.03,3,133333,950.03,950.06,950.15,32.5,6.33,0.001,6902,0.0,0.0,0.0
2027-09-17,407,950.0,17.01,1701,235,967.01,984.02,1035.05,34.9,1.31,0.189,3685,1.9,27.7,3.8
2026-12-18,134,950.0,0.89,89,4494,950.89,951.78,954.45,32.6,2.15,0.024,21724,0.0,0.7,0.0
2027-03-19,225,950.0,4.0,400,1000,954.0,958.0,970.0,33.1,1.68,0.077,7103,0.0,3.8,0.9
2028-12-15,862,950.0,54.5,5450,73,1004.5,1059.0,1222.5,40.1,1.01,0.368,2228,,,
2026-12-18,134,955.0,0.83,83,4819,955.83,956.66,959.15,33.3,2.19,0.022,745,0.0,0.5,0.0
2026-12-31,147,955.0,1.07,107,3738,956.07,957.14,960.35,33.3,2.1,0.027,749,0.0,1.3,0.0
2028-06-16,680,955.0,37.0,3700,108,992.0,1029.0,1140.0,38.4,1.1,0.299,536,,,
2026-10-16,71,955.0,0.16,16,25000,955.16,955.32,955.8,33.2,3.0,0.006,1204,0.0,0.0,0.0
2027-12-17,498,955.0,23.08,2308,173,978.08,1001.16,1070.4,36.4,1.23,0.228,647,0.0,18.2,0.0
2026-09-18,43,955.0,0.08,8,50000,955.08,955.16,955.4,33.2,3.84,0.003,679,0.0,0.0,0.0
2028-01-21,533,955.0,25.5,2550,156,980.5,1006.0,1082.5,36.8,1.2,0.24,853,0.0,30.1,0.0
2027-06-30,328,955.0,9.92,992,403,964.92,974.84,1004.6,34.6,1.45,0.139,1539,0.0,3.3,0.4
2026-12-18,134,960.0,0.78,78,5128,960.78,961.56,963.9,34.0,2.23,0.021,5517,0.0,0.2,0.0
2028-12-15,862,960.0,52.0,5200,76,1012.0,1064.0,1220.0,41.1,1.04,0.356,587,,,
2027-03-19,225,960.0,3.54,354,1129,963.54,967.08,977.7,34.4,1.74,0.069,4096,0.0,3.2,0.6
2026-09-18,43,960.0,0.07,7,57142,960.07,960.14,960.35,33.9,3.91,0.003,1761,0.0,0.0,0.0
2027-01-15,162,960.0,1.27,127,3149,961.27,962.54,966.35,34.1,2.03,0.032,5241,0.0,1.8,0.0
2028-01-21,533,960.0,25.0,2500,160,985.0,1010.0,1085.0,37.4,1.21,0.234,611,0.0,26.8,0.0
2027-12-17,498,960.0,22.33,2233,179,982.33,1004.66,1071.65,37.0,1.25,0.222,2032,0.0,16.2,0.0
2027-01-15,162,965.0,1.23,123,3252,966.23,967.46,971.15,34.8,2.07,0.03,9224,0.0,1.0,0.0
2027-12-17,498,965.0,21.93,2193,182,986.93,1008.86,1074.65,37.6,1.26,0.216,763,0.0,12.8,0.0
2026-11-20,106,970.0,0.43,43,9302,970.43,970.86,972.15,35.3,2.59,0.01,730,0.0,0.0,0.0
2026-10-16,71,970.0,0.14,14,28571,970.14,970.28,970.7,35.3,3.16,0.005,15722,0.0,0.0,0.0
2027-12-17,498,970.0,20.92,2092,191,990.92,1011.84,1074.6,38.2,1.28,0.21,1294,0.0,11.5,0.0
2026-12-18,134,970.0,0.69,69,5797,970.69,971.38,973.45,35.4,2.31,0.018,6674,0.0,0.2,0.0
2027-09-17,407,970.0,14.96,1496,267,984.96,999.92,1044.8,37.4,1.39,0.166,596,0.9,21.6,1.9
2027-03-19,225,970.0,3.13,313,1277,973.13,976.26,985.65,35.7,1.8,0.061,526,0.0,2.6,0.3
2028-01-21,533,970.0,23.5,2350,170,993.5,1017.0,1087.5,38.6,1.25,0.221,567,0.0,19.5,0.0
2028-01-21,533,975.0,22.5,2250,177,997.5,1020.0,1087.5,39.1,1.26,0.216,643,0.0,15.4,0.0
2026-12-18,134,975.0,0.65,65,6153,975.65,976.3,978.25,36.1,2.35,0.017,6098,0.0,0.0,0.0
2027-01-15,162,975.0,1.07,107,3738,976.07,977.14,980.35,36.1,2.14,0.026,582,0.0,1.0,0.0
2028-06-16,680,975.0,33.5,3350,119,1008.5,1042.0,1142.5,40.7,1.15,0.275,842,,,
2028-01-21,533,980.0,22.0,2200,181,1002.0,1024.0,1090.0,39.7,1.28,0.21,937,0.0,14.6,0.0
2028-12-15,862,980.0,47.5,4750,84,1027.5,1075.0,1217.5,43.3,1.08,0.333,5214,,,
2027-09-17,407,980.0,13.93,1393,287,993.93,1007.86,1049.65,38.6,1.43,0.155,560,0.9,21.1,1.9
2026-09-18,43,980.0,0.07,7,57142,980.07,980.14,980.35,36.7,4.19,0.002,1042,0.0,0.0,0.0
2027-12-17,498,980.0,19.9,1990,201,999.9,1019.8,1079.5,39.5,1.32,0.199,905,0.0,8.1,0.0
2028-01-21,533,990.0,20.5,2050,195,1010.5,1031.0,1092.5,40.9,1.31,0.199,1130,0.0,9.8,0.0
2027-12-17,498,990.0,18.67,1867,214,1008.67,1027.34,1083.35,40.7,1.35,0.188,2150,0.0,5.4,0.0
2026-12-18,134,990.0,0.52,52,7692,990.52,991.04,992.6,38.1,2.46,0.014,5996,0.0,0.0,0.0
2028-12-15,862,990.0,45.5,4550,87,1035.5,1081.0,1217.5,44.4,1.11,0.322,1055,,,
2026-09-18,43,990.0,0.06,6,66666,990.06,990.12,990.3,38.1,4.32,0.002,1925,0.0,0.0,0.0
2027-03-19,225,990.0,2.47,247,1619,992.47,994.94,1002.35,38.4,1.91,0.05,1398,0.0,2.0,0.0
2026-10-16,71,990.0,0.11,11,36363,990.11,990.22,990.55,38.1,3.37,0.004,1018,0.0,0.0,0.0
2028-06-16,680,995.0,30.0,3000,133,1025.0,1055.0,1145.0,43.0,1.21,0.252,1226,,,
2028-12-15,862,1000.0,42.0,4200,95,1042.0,1084.0,1210.0,45.3,1.12,0.311,1017,,,
2027-06-17,315,1000.0,6.02,602,664,1006.02,1012.04,1030.1,40.3,1.68,0.091,8666,0.0,1.1,0.0
2026-11-20,106,1000.0,0.33,33,12121,1000.33,1000.66,1001.65,39.5,2.85,0.007,10274,0.0,0.0,0.0
2027-01-15,162,1000.0,0.78,78,5128,1000.78,1001.56,1003.9,39.6,2.31,0.02,5049,0.0,0.5,0.0
2026-12-18,134,1000.0,0.55,55,7272,1000.55,1001.1,1002.75,39.5,2.54,0.013,18830,0.0,0.0,0.0
2027-03-19,225,1000.0,2.21,221,1809,1002.21,1004.42,1011.05,39.8,1.97,0.045,920,0.0,1.2,0.0
2026-09-18,43,1000.0,0.06,6,66666,1000.06,1000.12,1000.3,39.5,4.46,0.002,19121,0.0,0.0,0.0
2028-01-21,533,1000.0,19.5,1950,205,1019.5,1039.0,1097.5,42.2,1.35,0.189,2800,0.0,7.3,0.0
2027-12-17,498,1000.0,16.49,1649,242,1016.49,1032.98,1082.45,41.8,1.38,0.178,1134,0.0,3.4,0.0
2028-06-16,680,1000.0,29.0,2900,137,1029.0,1058.0,1145.0,43.5,1.22,0.246,1444,,,
2028-06-16,680,1005.0,28.5,2850,140,1033.5,1062.0,1147.5,44.1,1.24,0.241,848,,,
2027-01-15,162,1005.0,0.76,76,5263,1005.76,1006.52,1008.8,40.3,2.34,0.018,6251,0.0,0.5,0.0
2027-06-17,315,1005.0,5.75,575,695,1010.75,1016.5,1033.75,41.0,1.71,0.088,919,0.0,1.1,0.0
2028-01-21,533,1005.0,19.0,1900,210,1024.0,1043.0,1100.0,42.8,1.36,0.183,538,0.0,7.3,0.0
2028-12-15,862,1010.0,41.5,4150,96,1051.5,1093.0,1217.5,46.7,1.15,0.3,508,,,
2027-06-17,315,1010.0,5.49,549,728,1015.49,1020.98,1037.45,41.6,1.73,0.084,503,0.0,0.4,0.0
2026-12-18,134,1010.0,0.51,51,7843,1010.51,1011.02,1012.55,40.9,2.61,0.011,503,0.0,0.0,0.0
2027-12-17,498,1015.0,15.97,1597,250,1030.97,1046.94,1094.85,43.8,1.44,0.164,1135,0.0,0.7,0.0
2027-12-17,498,1020.0,15.49,1549,258,1035.49,1050.98,1097.45,44.4,1.45,0.159,1050,0.0,0.7,0.0
2027-09-17,407,1020.0,10.33,1033,387,1030.33,1040.66,1071.65,43.7,1.59,0.119,542,0.0,19.2,0.5
2027-12-17,498,1030.0,14.64,1464,273,1044.64,1059.28,1103.2,45.7,1.49,0.15,512,0.0,0.0,0.0
2028-12-15,862,1035.0,37.0,3700,108,1072.0,1109.0,1220.0,49.5,1.21,0.275,740,,,
2027-01-15,162,1035.0,0.57,57,7017,1035.57,1036.14,1037.85,44.4,2.55,0.014,1178,0.0,0.0,0.0
2028-01-21,533,1035.0,16.0,1600,250,1051.0,1067.0,1115.0,46.6,1.46,0.156,594,0.0,0.0,0.0
2026-12-18,134,1035.0,0.42,42,9523,1035.42,1035.84,1037.1,44.4,2.8,0.009,5049,0.0,0.0,0.0
2027-12-17,498,1045.0,13.4,1340,298,1058.4,1071.8,1112.0,47.6,1.54,0.139,519,0.0,0.0,0.0
2028-01-21,533,1050.0,14.5,1450,275,1064.5,1079.0,1122.5,48.5,1.51,0.144,757,0.0,0.0,0.0
2028-12-15,862,1050.0,34.5,3450,115,1084.5,1119.0,1222.5,51.3,1.24,0.261,5833,,,
2026-09-18,43,1050.0,0.05,5,80000,1050.05,1050.1,1050.25,46.5,5.11,0.001,1301,0.0,0.0,0.0
2026-12-18,134,1050.0,0.39,39,10256,1050.39,1050.78,1051.95,46.5,2.91,0.008,8915,0.0,0.0,0.0
2027-06-17,315,1050.0,3.85,385,1038,1053.85,1057.7,1069.25,47.0,1.92,0.062,5775,0.0,0.0,0.0
2027-12-17,498,1055.0,12.38,1238,323,1067.38,1079.76,1116.9,48.9,1.57,0.131,755,0.0,0.0,0.0
2028-01-21,533,1055.0,14.5,1450,275,1069.5,1084.0,1127.5,49.2,1.53,0.14,576,0.0,0.0,0.0
2026-12-18,134,1060.0,0.37,37,10810,1060.37,1060.74,1061.85,47.9,2.98,0.007,745,0.0,0.0,0.0
2028-01-21,533,1060.0,14.0,1400,285,1074.0,1088.0,1130.0,49.8,1.54,0.137,608,0.0,0.0,0.0
2027-12-17,498,1060.0,11.94,1194,335,1071.94,1083.88,1119.7,49.5,1.59,0.128,841,0.0,0.0,0.0
2028-01-21,533,1065.0,13.5,1350,296,1078.5,1092.0,1132.5,50.4,1.56,0.133,1844,0.0,0.0,0.0
2026-09-18,43,1065.0,0.05,5,80000,1065.05,1065.1,1065.25,48.5,5.3,0.001,1001,0.0,0.0,0.0
2027-01-15,162,1065.0,0.5,50,8000,1065.5,1066.0,1067.5,48.6,2.74,0.01,5262,0.0,0.0,0.0
2028-01-21,533,1070.0,13.5,1350,296,1083.5,1097.0,1137.5,51.1,1.58,0.13,1141,0.0,0.0,0.0
2027-12-17,498,1070.0,11.32,1132,353,1081.32,1092.64,1126.6,50.8,1.62,0.121,730,0.0,0.0,0.0
2028-01-21,533,1075.0,13.0,1300,307,1088.0,1101.0,1140.0,51.7,1.59,0.126,1126,0.0,0.0,0.0
2027-09-17,407,1075.0,7.5,750,533,1082.5,1090.0,1112.5,51.0,1.8,0.084,573,0.0,8.0,0.0
2027-01-15,162,1075.0,0.46,46,8695,1075.46,1075.92,1077.3,50.0,2.81,0.01,613,0.0,0.0,0.0
2026-10-16,71,1075.0,0.06,6,66666,1075.06,1075.12,1075.3,49.9,4.23,0.002,687,0.0,0.0,0.0
2026-12-18,134,1080.0,0.34,34,11764,1080.34,1080.68,1081.7,50.7,3.12,0.006,11893,0.0,0.0,0.0
2026-10-16,71,1080.0,0.06,6,66666,1080.06,1080.12,1080.3,50.6,4.28,0.002,1855,0.0,0.0,0.0
2026-11-20,106,1080.0,0.25,25,16000,1080.25,1080.5,1081.25,50.7,3.51,0.003,1396,0.0,0.0,0.0
2027-12-17,498,1080.0,10.61,1061,377,1090.61,1101.22,1133.05,52.1,1.66,0.115,804,0.0,0.0,0.0
2028-12-15,862,1080.0,30.5,3050,131,1110.5,1141.0,1232.5,54.9,1.32,0.235,893,,,
2027-01-15,162,1085.0,0.49,49,8163,1085.49,1085.98,1087.45,51.4,2.87,0.009,7602,0.0,0.0,0.0
2028-01-21,533,1085.0,12.5,1250,320,1097.5,1110.0,1147.5,53.1,1.63,0.12,1095,0.0,0.0,0.0
2026-11-20,106,1085.0,0.25,25,16000,1085.25,1085.5,1086.25,51.4,3.55,0.003,13636,0.0,0.0,0.0
2028-12-15,862,1085.0,30.0,3000,133,1115.0,1145.0,1235.0,55.5,1.33,0.231,770,,,
2026-10-16,71,1085.0,0.06,6,66666,1085.06,1085.12,1085.3,51.3,4.33,0.002,8220,0.0,0.0,0.0
2027-12-17,498,1090.0,10.41,1041,384,1100.41,1110.82,1142.05,53.5,1.69,0.109,517,0.0,0.0,0.0
2028-01-21,533,1090.0,12.0,1200,333,1102.0,1114.0,1150.0,53.7,1.64,0.117,579,0.0,0.0,0.0
2027-12-17,498,1095.0,9.69,969,412,1104.69,1114.38,1143.45,54.1,1.71,0.106,904,0.0,0.0,0.0
2028-01-21,533,1095.0,11.98,1198,333,1106.98,1118.96,1154.9,54.4,1.66,0.114,793,0.0,0.0,0.0
2028-06-16,680,1100.0,17.5,1750,228,1117.5,1135.0,1187.5,55.9,1.5,0.159,634,,,
2027-12-17,498,1100.0,9.69,969,412,1109.69,1119.38,1148.45,54.8,1.73,0.103,947,0.0,0.0,0.0
2028-01-21,533,1100.0,11.2,1120,357,1111.2,1122.4,1156.0,55.0,1.67,0.111,1892,0.0,0.0,0.0
2026-09-18,43,1100.0,0.03,3,133333,1100.03,1100.06,1100.15,53.4,5.74,0.001,7837,0.0,0.0,0.0
2026-12-18,134,1100.0,0.29,29,13793,1100.29,1100.58,1101.45,53.5,3.26,0.005,10354,0.0,0.0,0.0
2027-12-17,498,1105.0,9.54,954,419,1114.54,1124.08,1152.7,55.4,1.74,0.101,808,0.0,0.0,0.0
2028-01-21,533,1105.0,11.0,1100,363,1116.0,1127.0,1160.0,55.6,1.69,0.108,598,0.0,0.0,0.0
2027-03-19,225,1110.0,0.91,91,4395,1110.91,1111.82,1114.55,54.9,2.57,0.016,504,0.0,0.0,0.0
2028-06-16,680,1110.0,17.0,1700,235,1127.0,1144.0,1195.0,57.2,1.53,0.153,579,,,
2028-01-21,533,1110.0,10.7,1070,373,1120.7,1131.4,1163.5,56.3,1.71,0.106,1248,0.0,0.0,0.0
2027-12-17,498,1110.0,9.3,930,430,1119.3,1128.6,1156.5,56.1,1.76,0.098,989,0.0,0.0,0.0
2027-09-17,407,1110.0,6.09,609,656,1116.09,1122.18,1140.45,55.7,1.94,0.068,534,0.0,4.7,0.0
2028-01-21,533,1115.0,10.5,1050,380,1125.5,1136.0,1167.5,57.0,1.72,0.103,1652,0.0,0.0,0.0
2027-12-17,498,1115.0,8.39,839,476,1123.39,1131.78,1156.95,56.7,1.78,0.096,2131,0.0,0.0,0.0
2027-03-19,225,1115.0,0.88,88,4545,1115.88,1116.76,1119.4,55.6,2.6,0.015,2622,0.0,0.0,0.0
2027-09-17,407,1115.0,5.87,587,681,1120.87,1126.74,1144.35,56.3,1.95,0.066,1141,0.0,4.2,0.0
2027-06-17,315,1115.0,2.24,224,1785,1117.24,1119.48,1126.2,55.8,2.21,0.038,1766,0.0,0.0,0.0
2028-06-16,680,1115.0,16.5,1650,242,1131.5,1148.0,1197.5,57.8,1.54,0.149,570,,,
2028-12-15,862,1115.0,26.5,2650,150,1141.5,1168.0,1247.5,59.2,1.4,0.208,1226,,,
