sym,ret_10,avg_rng_10,ann_vol_10,eff_10,trend_eff_10,n2_10,n3_10,corr_spy_10,ret_21,avg_rng_21,ann_vol_21,eff_21,trend_eff_21,n2_21,n3_21,corr_spy_21,ret_63,avg_rng_63,ann_vol_63,eff_63,trend_eff_63,n2_63,n3_63,corr_spy_63,mfe10,p5,mfe10r,p5r,last
AAPL,5.613338335236007,2.353912050384564,31.844279840789795,0.37183129356031325,0.4682862534399793,3,2,0.30098268293300995,13.627679736453647,2.7438814575315984,38.261734265579314,0.34824598901969517,0.5414200874705213,7,5,0.01712805021083714,21.793512481933686,2.3343465673997943,28.431583362460323,0.24421644704150283,0.4989158544400597,12.0,7.0,0.20667716595360056,6.423121280275497,80.0,7.267831856998956,95.45454545454545,333.019989
AMD,-6.442130053556605,6.034998807029674,64.54989739566992,0.1771567450298573,0.5176588034113345,7,5,0.5872320398789892,0.4252164625623722,6.018979676022776,72.84590672316,0.03100422938885831,0.4703481402519711,17,12,0.6821208063251473,70.94619824276023,5.782473767679032,86.26529013878765,0.23100437490370984,0.47528323247389803,47.0,39.0,0.7341736448978377,13.304803205927474,100.0,9.758785724823532,100.0,521.95001
AMZN,-5.3925165077035935,2.3335962170381586,32.05965569333337,0.3477565189557935,0.4995194364855376,2,2,0.5234531346384563,-0.922013061851712,2.7344422763916576,30.259622471735785,0.018011969047190476,0.4390819319571128,5,4,0.403806435240271,-9.005018747020388,2.71100928045055,29.820843740947968,0.08759100094021115,0.44998029314359456,17.0,10.0,0.5191038824795569,5.433548322609222,65.0,5.404320385314051,63.63636363636363,232.11
CRWD,-2.0835507043247548,5.117768578703542,71.21101863325433,0.04752451673238719,0.5133481723000145,4,2,0.18058708255738246,8.92989807137976,5.254744733624431,61.07623305275671,0.17469188776485545,0.5040836063555412,11,6,0.34591767155454634,64.60180964996968,4.786036508611713,55.00680852572876,0.3217432233328503,0.4571641128603165,31.0,19.0,0.34224283378334297,16.289282142898493,95.0,10.357372721368527,95.45454545454545,183.28
DIA,-1.335162919748023,0.8953176414668083,8.512749488538516,0.3136347031647321,0.29855161027540056,0,0,0.8867397050238741,0.046283651690037786,0.9157089090539119,8.807759784147777,0.00856602657256516,0.27372519249346844,0,0,0.7262077052516273,5.225154158215006,0.9615945926074302,11.692140015841748,0.14859939928615232,0.41242721812966265,0.0,0.0,0.7398309661737291,2.0034914722880517,0.0,2.0372503621035696,0.0,518.76001
GLD,-1.3554069824299964,1.154881941283311,25.19073610579074,0.10071383707619092,0.40319062851749543,2,0,0.6765636013964422,1.6342314813557302,1.2316326667569677,21.157309720580788,0.07849805611610047,0.3500557468061351,3,0,0.30219876220252256,-13.720308501571132,1.3659961875442492,24.05757831279796,0.18800408427776996,0.3784889696348001,12.0,5.0,0.6917410604901278,4.698038677041464,43.333333333333336,4.081242978143414,36.36363636363637,371.89999
GOOGL,-10.482110154043067,2.8572615309987426,49.220872212853514,0.41959984700576225,0.5602206373990596,4,3,0.6980493025537162,-7.399582744951127,2.793177018649863,40.59123675490774,0.17760568202672278,0.4774852564063617,5,4,0.7205109080703264,-5.650806879789716,2.6919835494456574,38.73069269492876,0.03810085880348817,0.4205189578674422,17.0,10.0,0.5396780545016849,5.867292574504063,66.66666666666666,5.867292574504063,72.72727272727273,319.73999
HYG,-0.6021829130598344,0.19862712926483794,2.827837174321443,0.42830934950628974,0.4251249347412772,0,0,0.7665002158719194,-0.7764558547275979,0.19961456426279328,2.9499963409454613,0.2556456711412432,0.36378437683207027,0,0,0.6590152116642931,-1.4184397163120588,0.24634384843628904,3.996241527205935,0.11528480039253974,0.4257453419750905,0.0,0.0,0.6886701786438452,0.6073044222538775,0.0,0.38781639119695843,0.0,79.23
IWM,-1.6284266910512657,1.1457932387888712,11.56517345013073,0.26640748720724483,0.4987076958409823,0,0,0.7457724222734045,-1.8605244531329057,1.3085921703054655,11.233262619443291,0.14241265618730678,0.4452844247144072,0,0,0.5512306391905554,5.680175873990123,1.5359191592938712,18.333379504533315,0.10281358560840909,0.4374584566856762,5.0,1.0,0.7689704934824617,3.1132069650876444,10.0,1.8936951856616875,4.545454545454546,291.17001
META,-11.060805694451492,3.1816722833666184,31.430097745067044,0.6065293103694381,0.4449663151817672,5,2,0.7223088141286056,6.727997085301252,3.5752124097897977,54.8124904492579,0.1343796825410754,0.45497415632724675,14,6,0.4270246113151199,-9.703408641328714,2.9959162040296596,44.877254292373046,0.061687876101894516,0.444782059548054,25.0,13.0,0.33954619964869037,8.103861982094543,66.66666666666666,10.115528620380008,95.45454545454545,595.19
MSFT,-0.8828875387461022,2.8065035434959773,29.94672693323146,0.044107530777626455,0.43908793879942276,3,0,0.17540377516815736,4.4437203645739665,2.943587734401082,34.30556508844001,0.13360353095482133,0.44420769900761153,6,3,-0.1505221539588959,-8.190015634395664,2.6740144339288343,33.33392907368021,0.06876438094540373,0.4495099311423697,20.0,11.0,0.10607078476471248,5.934210008608492,58.333333333333336,6.192512241781167,63.63636363636363,381.70001
MU,-5.958335606640819,6.599467088562013,98.98652553042872,0.09009018268648,0.40885437117254037,7,7,0.2633191135963272,-12.165835212197917,6.672359292369795,102.3134788062351,0.08716189900175923,0.40715027976519863,13,13,0.31245284326096306,91.17952545046914,6.7149719107295045,108.29644978485898,0.23064556870390474,0.399735452774727,48.0,43.0,0.5445113907394731,20.834499501723243,100.0,16.79095884894931,100.0,920.95001
NVDA,-1.9529815153118357,3.346916145538279,38.11961604544696,0.08773285686343028,0.31107703665986375,5,2,0.7368322824198713,3.939698492462318,3.376943948963781,35.37885614374917,0.11255822933931496,0.38427041416597885,8,4,0.5083894223705948,3.606491685033064,3.3749861866975834,41.74688944065234,0.04282541824028103,0.4829011989772555,24.0,16.0,0.6332641503401844,7.301827082707542,81.66666666666667,6.688203582935701,72.72727272727273,206.84
QQQ,-5.689794686637062,1.4491890533379936,20.57888982215129,0.4837204910925723,0.4047638868148645,0,0,0.8676670453002973,-3.71366130984212,1.6636465424434563,23.338988167826482,0.13158200939586495,0.4512641525173577,1,0,0.88447869521162,5.036689233879499,1.5946098415681758,24.633851586565637,0.07324069182204994,0.46016307459133726,8.0,4.0,0.9130790316134434,4.294684567376244,40.0,3.6451182416911596,18.181818181818183,684.22998
RSP,-0.34063929071396215,0.8743606675834238,8.726009552340644,0.07860460889087041,0.4119579872116795,0,0,0.22045350576408118,1.5163085844662083,0.8910679253231926,9.865059807064716,0.15034838114116422,0.32417564183259295,0,0,0.4907403850579777,5.492719189923445,0.955156788376483,10.844350932768963,0.15760390616140446,0.4017151307784897,0.0,0.0,0.7199350894095732,1.6078846233464807,0.0,1.5135407446600415,0.0,213.57001
SMH,-8.156723341660832,3.4866254585405114,44.5190162378051,0.33874942318808826,0.4833551687049481,6,4,0.6336528946629245,-9.327535362487405,3.70087174303783,50.43882137245793,0.149080736713866,0.49597868898258635,15,10,0.68128992462862,16.46570267789349,3.4308304736684976,53.24149329330447,0.10897254360239553,0.4712196681792591,33.0,26.0,0.7794148093092769,9.503930948434501,98.33333333333333,8.151124016272059,100.0,561.19
SOXL,-28.84114890466809,12.616058808165231,154.08046906905145,0.3663401064104148,0.5132862236291947,8,7,0.5368073222926472,-40.40597898654097,13.27973033664631,176.25282314464005,0.1919576957992235,0.5064752496626709,18,17,0.6391366521059425,21.317726345659317,12.212114453927715,185.6403015991556,0.10465650580744856,0.48206666298333745,55.0,51.0,0.7465965986314633,34.39265770985777,100.0,29.863882360741535,100.0,136.81
SOXS,26.299019607843157,11.915552881931788,157.4024493046544,0.3400313449865138,0.5150741076636196,8,7,-0.541984491174136,26.299019607843157,12.935561665729908,183.96375177474818,0.17450459936284218,0.517291532500378,18,17,-0.6510725215456237,-97.81188959660298,12.230024596818318,263.9016339718421,0.2062432741651017,0.48892706553686643,55.0,51.0,-0.5897239499384336,34.65400244246398,100.0,30.053172017425048,100.0,51.53
SPCX,-20.805230557467326,6.129994189948627,50.329900407035254,0.6660826921854118,0.5046138681126071,9,6,0.2585114865459353,-25.540308369374166,6.294595740229129,63.27597569228461,0.38125817406702356,0.5272128035515408,16,11,0.5086039713729766,,,,,,,,,20.37860377142499,100.0,20.37860377142499,100.0,115.07
SPXL,-6.726843138005689,2.353705283829618,31.431914083187944,0.4144753321195543,0.28493105482314807,4,2,0.9993978997957342,1.2756650591163599,2.7495886419580677,34.766967645538614,0.048934701504040216,0.3535169370037199,9,3,0.9980465219840066,10.049864762065752,2.8348786637047976,39.26555148354583,0.0964897549760839,0.4224489310241198,25.0,12.0,0.9988466569799734,6.922622191613076,80.0,6.8346088235683675,72.72727272727273,260.39999
SPY,-2.1219974551692555,0.7865043867935463,10.533479088783027,0.38615186450475864,0.28937814144394447,0,0,1.0,0.7760078661285252,0.989042847670719,11.373345309752738,0.06874686025315574,0.3480767059015213,0,0,1.0,4.302347317349886,0.9722421853044814,12.97228156156938,0.1111496999960394,0.4205129111379139,1.0,0.0,1.0,2.4125749183704883,0.0,2.145076228783317,0.0,738.92999
SQQQ,18.554790894653237,4.227043290033501,62.030384655614924,0.4948047927952011,0.4049716977337285,7,7,-0.8664352929633724,10.729295426452401,4.952238315136257,70.39208765173639,0.14936038752828382,0.4484977837855569,16,15,-0.8879303454317472,-19.529284944304703,4.762317306091903,73.32172789490475,0.06609705510766359,0.457247475720253,40.0,34.0,-0.9142338282966922,12.069439281084986,98.33333333333333,10.774297599948984,100.0,44.79
TLT,-1.4442997513910205,0.45316914393917385,5.66149936103236,0.47960062245636015,0.4828760603915844,0,0,0.11940314274219688,-4.7264820325017105,0.4808656934766135,7.030307934490571,0.6955389229763574,0.46020496108379916,0,0,0.11998765973328471,-3.812824956672445,0.5497917498964867,8.886798307382605,0.14067415485674178,0.46300678871351353,0.0,0.0,0.383375966661729,1.8328163384912148,0.0,1.819035278482211,0.0,83.25
TQQQ,-16.91548639381393,4.41551162565814,61.3753009939362,0.4969197592840906,0.4032760336102318,7,7,0.8673767399466272,-12.68758526603001,5.011991468574649,69.44289916294359,0.14461732086153056,0.4463099349275428,16,15,0.8878177292661555,8.071597433299571,4.794237156236003,72.76169959838859,0.06296539172759508,0.45405275117708677,40.0,33.0,0.9144916719312477,13.084684817186986,98.33333333333333,10.665967695753961,100.0,64.0
TSLA,-23.231805149308304,3.811167109701002,72.42593868417976,0.8125157855212779,0.4623263070064284,6,2,0.7558426325256535,-16.643144622267194,4.418809526142175,75.22624199251828,0.23311832763481685,0.5243389555740615,13,7,0.784974548538526,-16.239430857326354,4.005766629925955,56.09809058482049,0.0846626031911308,0.46940372068925895,32.0,19.0,0.6907768155340326,8.258843157963408,90.0,7.725096477155232,95.45454545454545,313.029999
USO,25.749770009199622,2.907388485962792,50.23729719443825,0.7603713315288102,0.30511077296866185,7,3,-0.47498151055518945,28.60099727161538,2.739282046754215,47.91426313013425,0.48452237266846226,0.3749102373229173,13,6,-0.3460741563570937,1.4622921615201845,3.0735579973080127,51.20306574911838,0.02775518292273426,0.35541132402870185,38.0,20.0,-0.32479855032084043,12.944922861094401,100.0,14.970681239849462,100.0,136.69
UUP,0.6692497358224747,0.27454773341020167,5.049788896479859,0.24778321534229547,0.6083250083250135,0,0,-0.4485568152962106,0.1752541184717682,0.2783101959493617,4.464794295421867,0.03795811923172253,0.5593205736062831,0,0,-0.36308629161041095,3.814021067925899,0.30976353473779616,4.90097602129885,0.2447131299937474,0.4726356630969779,0.0,0.0,-0.5449685187312859,0.9640994766283107,0.0,0.6872341767969856,0.0,28.58
UVXY,8.23986194995685,4.6029880667218945,80.15657469398933,0.21439976695136664,0.3302048803615263,9,5,-0.9498632935179872,-9.258589511754067,4.95918318220376,64.2572928446862,0.11425616886272119,0.35417282111701137,16,9,-0.8846277936095354,-35.617141390813444,5.137233713796081,67.3199123633489,0.1761040281375537,0.4302193558090915,45.0,29.0,-0.7804159304751601,9.804453813802802,93.33333333333333,9.730760115348026,100.0,25.09
VIXY,5.40806293018683,3.429452165202183,51.09319488764585,0.20992941833662293,0.2837268752376449,6,3,-0.9434595106720216,-6.416412047140985,3.670555126402389,42.36687236970348,0.12327103859488689,0.3257957691485332,9,4,-0.8905027790837845,-24.798316380217468,3.597039033751305,44.52292194622927,0.1784217598794984,0.4271700045775547,31.0,15.0,-0.7950601630957531,6.590042198525898,78.33333333333333,6.3715260155504545,86.36363636363636,21.44
XLB,0.7270583611711512,1.6628821415915696,16.19833097553517,0.09614848897850514,0.542160359704014,0,0,0.40000630448270924,0.1954652071931129,1.6051344175128217,18.797359655633162,0.017375386423773592,0.49718215171185554,1,0,0.09666485045610676,-1.0615711252654036,1.569745338834112,19.77504439572793,0.009494083893657692,0.49663792841833637,5.0,1.0,0.5400631072011707,2.920768510887061,13.333333333333334,2.727759318851631,4.545454545454546,51.26
XLC,-4.783231816553213,1.3326140101761215,22.668489270983862,0.4667240545768148,0.5705664766332936,1,1,0.6635752055342927,-0.22526750516238536,1.4045353266522067,21.17219517230234,0.0021945747538012063,0.45560266121579995,2,1,0.5098951217408971,-9.447142005281538,1.3209246292906125,16.87110407451027,0.18958083064486975,0.4473916214821092,4.0,1.0,0.46237431793964134,3.3159746213327432,13.333333333333334,4.318139368642079,36.36363636363637,106.3
XLE,8.24255235139606,1.610449550984752,15.396555110226496,0.8349349434841823,0.39966914486729643,1,1,-0.37582233813045285,11.293634496919914,1.6270988675939617,17.999022183616383,0.5333177961023818,0.38189549585688065,2,1,-0.5141653976159708,4.633204633204624,1.8323934196369949,23.9116712523221,0.06846247999223341,0.4259984653159831,9.0,3.0,-0.3730110587931938,6.214076597131523,70.0,6.382240232450103,63.63636363636363,59.62
XLF,1.0770059235325924,1.1115924551090641,8.738691067377339,0.23631373268830572,0.33076748715785126,0,0,0.4556013093475218,4.82129560685034,1.24080015365797,13.780694729750548,0.3448917034956034,0.38544127352947344,1,0,0.25296446962842367,8.706563706563708,1.2072498521352168,13.01233045785957,0.2120441962303552,0.4162330898809472,2.0,0.0,0.19158535338198132,1.9266136519862092,6.666666666666667,3.441963146459584,9.090909090909092,56.31
XLI,0.40677220756377697,1.5412009697153444,11.45848886304084,0.08898000281935786,0.4664478929800853,0,0,-0.15862752636222466,1.3595193740902456,1.5389871331009666,16.16922937077927,0.08751866786706905,0.4625064847116603,1,0,0.3865842951296362,4.9347921264804695,1.4949099671753572,19.05381572702958,0.09014512446965652,0.4406246437415991,6.0,2.0,0.6199971526994776,2.7266012532712347,3.3333333333333335,2.6807322350582474,9.090909090909092,182.66
XLK,-5.3288836257939565,2.215703690286696,25.704387150176572,0.38630065113788997,0.41048836106761294,3,0,0.677859624752176,-3.91696415323195,2.4405248069286145,30.1179615706037,0.10485452554131884,0.4228348852177322,9,0,0.7432544130118851,12.859342915811078,2.3150337511093446,33.27476001133631,0.12379261975983419,0.4501782184909176,25.0,6.0,0.8342203421768148,6.187514806315917,70.0,4.355437329143764,40.909090909090914,175.88
XLP,0.011887779362806938,1.505715696846862,20.451492919545576,0.008841128803201584,0.4430026698207234,1,0,-0.08113602424201902,-0.367124585504508,1.405498180572143,18.879167585543122,0.011068401730877557,0.4804677177308529,2,0,-0.319049427240331,0.778629611883086,1.3483370795790168,16.6402737459603,0.02090977569510752,0.4471457077427358,3.0,0.0,-0.27012780192122154,2.474182738372915,0.0,2.069713128705471,0.0,84.13
XLRE,3.374578177727794,1.2374128654024963,15.756451664072573,0.5099422095950936,0.42939906549733686,2,0,-0.06321479950798735,3.235228038643023,1.2546964481211471,17.044599792228247,0.19468029216854138,0.45222682522021895,2,0,-0.3691094364108455,4.526842584167423,1.2807994624580232,16.050478247559923,0.09805787637494572,0.4634122858682749,5.0,0.0,-0.07904561843571714,2.6229918304530035,0.0,2.5766745486353075,0.0,45.95
XLU,1.937899141158339,1.5003229667373295,14.558685350830913,0.297945891173529,0.5094154349329698,1,0,-0.19680975107723525,1.6469038208168696,1.4208809481526739,16.129308842238082,0.10149235775180768,0.5486690703194046,2,0,-0.3542391792998747,0.4339336081579326,1.4296059020962764,16.90319183267984,0.015010006636804636,0.5176215689473099,5.0,0.0,-0.06723946255485268,3.0918892375069436,5.0,2.518584391477938,0.0,46.29
XLV,1.0756093011688561,1.4697507041843976,18.99281363186567,0.12353113359637723,0.5196701931104251,1,0,-0.30821025547907827,6.012389565543552,1.5492633031531275,21.743492964242623,0.2594913739726961,0.49112096117177384,3,1,-0.37533873759692965,11.166574728762658,1.387225633864019,18.14834594929015,0.19087484359492873,0.47883411871122733,5.0,2.0,-0.12666264084708073,3.0202951230270316,15.0,3.6914911183920163,36.36363636363637,162.57001
XLY,-6.67860798362333,1.30146284397006,25.28823214182011,0.6212414110742698,0.43382199900554735,1,1,0.7645919997381962,-4.918745111671152,1.5464426094989296,23.073809426259466,0.21835402496330805,0.49856517357687913,2,1,0.7135143085675706,-7.074910820451841,1.5312636124379815,20.600717917972307,0.10921276322739179,0.4130577285307637,8.0,1.0,0.7369342923414602,2.92299172176933,10.0,2.763931922419961,9.090909090909092,109.41
